Workbook

Sheet sheet1
A1: k | B1: 汇总统计
B3: 白班 | E3: 夜班 | H3: 总小时数 | I3: 调度席
A4: 目录 | B4: 带班 | C4: 席位 | D4: 教员 | E4: 带班 | F4: 席位 | G4: 教员
A5: 温若春 | B5: =温若春!K16 -> 46.084167 | C5: =温若春!K17 -> 15.318056 | D5: =温若春!K19 -> 0 | E5: =温若春!L16 -> 36.168611 | F5: =温若春!L17 -> 0 | G5: =温若春!L19 -> 0 | H5: =SUM(B5:G5) -> 97.570833 | I5: =温若春!J21 -> 0
A6: 明嘉 | B6: =明嘉!K16 -> 0 | C6: =明嘉!K17 -> 34.552778 | D6: =明嘉!K19 -> 0 | E6: =明嘉!L16 -> 0 | F6: =明嘉!L17 -> 25.772222 | G6: =明嘉!L19 -> 0 | H6: =SUM(B6:G6) -> 60.325 | I6: =明嘉!J21 -> 6.4166667
A7: 徐万友 | B7: =徐万友!K16 -> 69.830556 | C7: =徐万友!K17 -> 1.1502778 | D7: =徐万友!K19 -> 0 | E7: =徐万友!L16 -> 17.8225 | F7: =徐万友!L17 -> 3.5172222 | G7: =徐万友!L19 -> 0 | H7: =SUM(B7:G7) -> 92.320556 | I7: =徐万友!J21 -> 0
A8: 耿若岩 | B8: =耿若岩!K16 -> 0 | C8: =耿若岩!K17 -> 33.312222 | D8: =耿若岩!K19 -> 0 | E8: =耿若岩!L16 -> 0 | F8: =耿若岩!L17 -> 13.359167 | G8: =耿若岩!L19 -> 0 | H8: =SUM(B8:G8) -> 46.671389 | I8: =耿若岩!J21 -> 4.3319444
A9: 李明 | B9: =李明!K16 -> 0 | C9: =李明!K17 -> 49.227222 | D9: =李明!K19 -> 0 | E9: =李明!L16 -> 0 | F9: =李明!L17 -> 31.446389 | G9: =李明!L19 -> 0 | H9: =SUM(B9:G9) -> 80.673611 | I9: =李明!J21 -> 13.668889
A10: 张虎 | B10: =张虎!K16 -> 0 | C10: =张虎!K17 -> 30.106667 | D10: =张虎!K19 -> 0 | E10: =张虎!L16 -> 0 | F10: =张虎!L17 -> 19.820278 | G10: =张虎!L19 -> 0 | H10: =SUM(B10:G10) -> 49.926944 | I10: =张虎!J21 -> 0
A11: 马莲花 | B11: =马莲花!K16 -> 40.656944 | C11: =马莲花!K17 -> 20.414444 | D11: =马莲花!K19 -> 0 | E11: =马莲花!L16 -> 17.594167 | F11: =马莲花!L17 -> 6.5655556 | G11: =马莲花!L19 -> 0 | H11: =SUM(B11:G11) -> 85.231111 | I11: =马莲花!J21 -> 0
A12: 刘国莲 | B12: =刘国莲!K15 -> 0 | C12: =刘国莲!K16 -> 40.127778 | D12: =刘国莲!K18 -> 0 | E12: =刘国莲!L15 -> 0 | F12: =刘国莲!L16 -> 33.026389 | G12: =刘国莲!L18 -> 0 | H12: =SUM(B12:G12) -> 73.154167 | I12: =刘国莲!J20 -> 7.3677778
A13: 杜涛 | B13: =杜涛!K16 -> 0 | C13: =杜涛!K17 -> 43.485556 | D13: =杜涛!K19 -> 0 | E13: =杜涛!L16 -> 0 | F13: =杜涛!L17 -> 27.347778 | G13: =杜涛!L19 -> 0 | H13: =SUM(B13:G13) -> 70.833333 | I13: =杜涛!J21 -> 6.515
A14: 张文中 | B14: =张文中!K16 -> 0 | C14: =张文中!K17 -> 37.504167 | D14: =张文中!K19 -> 0 | E14: =张文中!L16 -> 0 | F14: =张文中!L17 -> 35.405 | G14: =张文中!L19 -> 0 | H14: =SUM(B14:G14) -> 72.909167 | I14: =张文中!J21 -> 9.0830556
A15: 李秋实 | B15: =李秋实!K16 -> 0 | C15: =李秋实!K17 -> 34.314722 | D15: =李秋实!K19 -> 0 | E15: =李秋实!L16 -> 0 | F15: =李秋实!L17 -> 29.284722 | G15: =李秋实!L19 -> 0 | H15: =SUM(B15:G15) -> 63.599444 | I15: =李秋实!J21 -> 15.586667
A16: 周岸 | B16: =周岸!K16 -> 0 | C16: =周岸!K17 -> 32.322778 | D16: =周岸!K19 -> 0 | E16: =周岸!L16 -> 0 | F16: =周岸!L17 -> 33.0525 | G16: =周岸!L19 -> 0 | H16: =SUM(B16:G16) -> 65.375278 | I16: =周岸!J21 -> 0
A17: 詹泽彬 | B17: =詹泽彬!K16 -> 0 | C17: =詹泽彬!K17 -> 30.176389 | D17: =詹泽彬!K19 -> 0 | E17: =詹泽彬!L16 -> 0 | F17: =詹泽彬!L17 -> 28.963056 | G17: =詹泽彬!L19 -> 0 | H17: =SUM(B17:G17) -> 59.139444 | I17: =詹泽彬!J21 -> 5.7352778
A18: 张笑延 | B18: =张笑延!K16 -> 0 | C18: =张笑延!K17 -> 45.05 | D18: =张笑延!K19 -> 0 | E18: =张笑延!L16 -> 0 | F18: =张笑延!L17 -> 23.813333 | G18: =张笑延!L19 -> 0 | H18: =SUM(B18:G18) -> 68.863333 | I18: =张笑延!J21 -> 5.1108333
A19: 沈宁 | B19: =沈宁!K16 -> 0 | C19: =沈宁!K17 -> 33.520278 | D19: =沈宁!K19 -> 0 | E19: =沈宁!L16 -> 0 | F19: =沈宁!L17 -> 21.706667 | G19: =沈宁!L19 -> 0 | H19: =SUM(B19:G19) -> 55.226944 | I19: =沈宁!J21 -> 4.6697222
A20: 胡鑫 | B20: =胡鑫!K16 -> 55.819722 | C20: =胡鑫!K17 -> 8.3866667 | D20: =胡鑫!K19 -> 0 | E20: =胡鑫!L16 -> 31.764167 | F20: =胡鑫!L17 -> 6.7236111 | G20: =胡鑫!L19 -> 0 | H20: =SUM(B20:G20) -> 102.69417 | I20: =胡鑫!J21 -> 0
A21: 邓心豪 | B21: =邓心豪!K16 -> 0 | C21: =邓心豪!K17 -> 33.776944 | D21: =邓心豪!K19 -> 0 | E21: =邓心豪!L16 -> 0 | F21: =邓心豪!L17 -> 30.288889 | G21: =邓心豪!L19 -> 0 | H21: =SUM(B21:G21) -> 64.065833 | I21: =邓心豪!J21 -> 0
A22: 黄恩 | B22: =黄恩!K16 -> 0 | C22: =黄恩!K17 -> 52.577222 | D22: =黄恩!K19 -> 0 | E22: =黄恩!L16 -> 0 | F22: =黄恩!L17 -> 15.386944 | G22: =黄恩!L19 -> 0 | H22: =SUM(B22:G22) -> 67.964167 | I22: =黄恩!J21 -> 0
A23: 严亮 | B23: =严亮!K16 -> 0 | C23: =严亮!K17 -> 31.477222 | D23: =严亮!K19 -> 0 | E23: =严亮!L16 -> 0 | F23: =严亮!L17 -> 22.199444 | G23: =严亮!L19 -> 0 | H23: =SUM(B23:G23) -> 53.676667 | I23: =严亮!J21 -> 11.333056
A24: 边昊 | B24: =边昊!K16 -> 37.695833 | C24: =边昊!K17 -> 13.916389 | D24: =边昊!K19 -> 0 | E24: =边昊!L16 -> 9.5455556 | F24: =边昊!L17 -> 12.064444 | G24: =边昊!L19 -> 0 | H24: =SUM(B24:G24) -> 73.222222 | I24: =边昊!J21 -> 0
A25: 张宗根 | B25: =张宗根!K16 -> 0 | C25: =张宗根!K17 -> 32.305278 | D25: =张宗根!K19 -> 0 | E25: =张宗根!L16 -> 0 | F25: =张宗根!L17 -> 29.075833 | G25: =张宗根!L19 -> 0 | H25: =SUM(B25:G25) -> 61.381111 | I25: =张宗根!J21 -> 0
A26: 宋天霖 | B26: =宋天霖!K16 -> 0 | C26: =宋天霖!K17 -> 0 | D26: =宋天霖!K19 -> 0 | E26: =宋天霖!L16 -> 0 | F26: =宋天霖!L17 -> 0 | G26: =宋天霖!L19 -> 0 | H26: =SUM(B26:G26) -> 0 | I26: =宋天霖!J21 -> 0
A27: 蔡昊霖 | B27: =蔡昊霖!K16 -> 0 | C27: =蔡昊霖!K17 -> 32.121389 | D27: =蔡昊霖!K19 -> 0 | E27: =蔡昊霖!L16 -> 0 | F27: =蔡昊霖!L17 -> 16.427222 | G27: =蔡昊霖!L19 -> 0 | H27: =SUM(B27:G27) -> 48.548611 | I27: =蔡昊霖!J21 -> 0
A28: 叶大鹏 | B28: =叶大鹏!K16 -> 0 | C28: =叶大鹏!K17 -> 18.730278 | D28: =叶大鹏!K19 -> 0 | E28: =叶大鹏!L16 -> 0 | F28: =叶大鹏!L17 -> 18.597778 | G28: =叶大鹏!L19 -> 0 | H28: =SUM(B28:G28) -> 37.328056 | I28: =叶大鹏!J21 -> 12.556111
A29: 王建超 | B29: =王建超!K16 -> 0 | C29: =王建超!K17 -> 34.414444 | D29: =王建超!K19 -> 0 | E29: =王建超!L16 -> 0 | F29: =王建超!L17 -> 29.140833 | G29: =王建超!L19 -> 0 | H29: =SUM(B29:G29) -> 63.555278 | I29: =王建超!J21 -> 11.673333
A30: 潘伟生 | B30: =潘伟生!K16 -> 0 | C30: =潘伟生!K17 -> 28.511944 | D30: =潘伟生!K19 -> 0 | E30: =潘伟生!L16 -> 0 | F30: =潘伟生!L17 -> 23.319167 | G30: =潘伟生!L19 -> 0 | H30: =SUM(B30:G30) -> 51.831111 | I30: =潘伟生!J21 -> 6.8325
A31: 王风瑞 | B31: =王风瑞!K16 -> 0 | C31: =王风瑞!K17 -> 49.672222 | D31: =王风瑞!K19 -> 0 | E31: =王风瑞!L16 -> 0 | F31: =王风瑞!L17 -> 36.069167 | G31: =王风瑞!L19 -> 0 | H31: =SUM(B31:G31) -> 85.741389 | I31: =王风瑞!J21 -> 4.9883333
A32: 金鼎 | B32: =金鼎!K16 -> 52.912778 | C32: =金鼎!K17 -> 8.6663889 | D32: =金鼎!K19 -> 0 | E32: =金鼎!L16 -> 28.543611 | F32: =金鼎!L17 -> 3.7691667 | G32: =金鼎!L19 -> 0 | H32: =SUM(B32:G32) -> 93.891944 | I32: =金鼎!J21 -> 0
A33: 董志华 | B33: =董志华!K16 -> 37.590278 | C33: =董志华!K17 -> 0 | D33: =董志华!K19 -> 0 | E33: =董志华!L16 -> 35.2575 | F33: =董志华!L17 -> 0 | G33: =董志华!L19 -> 0 | H33: =SUM(B33:G33) -> 72.847778 | I33: =董志华!J21 -> 0
A34: 姜文夫 | B34: =姜文夫!K16 -> 54.621424 | C34: =姜文夫!K17 -> 16.051111 | D34: =姜文夫!K19 -> 0 | E34: =姜文夫!L16 -> 29.416389 | F34: =姜文夫!L17 -> 0.815 | G34: =姜文夫!L19 -> 0 | H34: =SUM(B34:G34) -> 100.90392 | I34: =姜文夫!J21 -> 0
A35: 郭永杰 | B35: =郭永杰!K16 -> 46.325833 | C35: =郭永杰!K17 -> 8.0938889 | D35: =郭永杰!K19 -> 0 | E35: =郭永杰!L16 -> 25.359444 | F35: =郭永杰!L17 -> 14.354167 | G35: =郭永杰!L19 -> 0 | H35: =SUM(B35:G35) -> 94.133333 | I35: =郭永杰!J21 -> 0
A36: 朱永春 | B36: =朱永春!K16 -> 0 | C36: =朱永春!K17 -> 29.420833 | D36: =朱永春!K19 -> 0 | E36: =朱永春!L16 -> 0 | F36: =朱永春!L17 -> 33.938056 | G36: =朱永春!L19 -> 0 | H36: =SUM(B36:G36) -> 63.358889 | I36: =朱永春!J21 -> 10.896389
A37: 刘琦 | B37: =刘琦!K16 -> 0 | C37: =刘琦!K17 -> 46.2875 | D37: =刘琦!K19 -> 0 | E37: =刘琦!L16 -> 0 | F37: =刘琦!L17 -> 0.41361111 | G37: =刘琦!L19 -> 0 | H37: =SUM(B37:G37) -> 46.701111 | I37: =刘琦!J21 -> 0
A38: 吴疆 | B38: =吴疆!K16 -> 60.734167 | C38: =吴疆!K17 -> 6.3144444 | D38: =吴疆!K19 -> 0 | E38: =吴疆!L16 -> 28.916111 | F38: =吴疆!L17 -> 12.113056 | G38: =吴疆!L19 -> 0 | H38: =SUM(B38:G38) -> 108.07778 | I38: =吴疆!J21 -> 0
A39: 巴富毅 | B39: =巴富毅!K16 -> 0 | C39: =巴富毅!K17 -> 29.051667 | D39: =巴富毅!K19 -> 0 | E39: =巴富毅!L16 -> 0 | F39: =巴富毅!L17 -> 1.6025 | G39: =巴富毅!L19 -> 0 | H39: =SUM(B39:G39) -> 30.654167 | I39: =巴富毅!J21 -> 0
A40: 陈宏伟 | B40: =陈宏伟!K16 -> 0 | C40: =陈宏伟!K17 -> 41.370556 | D40: =陈宏伟!K19 -> 0 | E40: =陈宏伟!L16 -> 0 | F40: =陈宏伟!L17 -> 33.455556 | G40: =陈宏伟!L19 -> 0 | H40: =SUM(B40:G40) -> 74.826111 | I40: =陈宏伟!J21 -> 0
A41: 蒋露裕 | B41: =蒋露裕!K16 -> 0 | C41: =蒋露裕!K17 -> 17.641667 | D41: =蒋露裕!K19 -> 0 | E41: =蒋露裕!L16 -> 0 | F41: =蒋露裕!L17 -> 26.516944 | G41: =蒋露裕!L19 -> 0 | H41: =SUM(B41:G41) -> 44.158611 | I41: =蒋露裕!J21 -> 7.5569444
A42: 蓝宇航 | B42: =蓝宇航!K16 -> 0 | C42: =蓝宇航!K17 -> 36.722222 | D42: =蓝宇航!K19 -> 0 | E42: =蓝宇航!L16 -> 0 | F42: =蓝宇航!L17 -> 20.311667 | G42: =蓝宇航!L19 -> 0 | H42: =SUM(B42:G42) -> 57.033889 | I42: =蓝宇航!J21 -> 10.840833
A43: 程卓 | B43: =程卓!K16 -> 0 | C43: =程卓!K17 -> 31.716667 | D43: =程卓!K19 -> 0 | E43: =程卓!L16 -> 0 | F43: =程卓!L17 -> 31.960833 | G43: =程卓!L19 -> 0 | H43: =SUM(B43:G43) -> 63.6775 | I43: =程卓!J21 -> 11.6525
A44: 郑文卓 | B44: =郑文卓!K16 -> 0 | C44: =郑文卓!K17 -> 29.342778 | D44: =郑文卓!K19 -> 0 | E44: =郑文卓!L16 -> 0 | F44: =郑文卓!L17 -> 39.168333 | G44: =郑文卓!L19 -> 0 | H44: =SUM(B44:G44) -> 68.511111 | I44: =郑文卓!J21 -> 12.419167

Sheet 温若春
A1: 返回目录
A2: 日 期 | B2: 岗 位 | C2: 上岗时刻 | D2: 交接班 | E2: 离岗时刻 | F2: 时段工作小时 | G2: 白班小时 | H2: 夜班小时 (0200-0800) | I2: 统 计 | J2: 各席位总小时 | K2: 白班小时 | L2: 夜班小时 (0000-0800) | M2: 备注
A3: =IF(B3="","",IF(A3="",NOW(),A3)) -> 46205.132 | B3: 带班主任 | C3: 0.13228009 | D3: 完成 | E3: 0.30359954 | F3: =(IF(E3-C3<0,"24:00"-C3+E3,E3-C3))*24 -> 4.1116667 | G3: =F3-H3 -> 0 | H3: =(IF(AND(C3>=$O$3,C3<$P$3,E3>=$O$3,E3<$P$3),E3-C3,IF(AND(C3>=$O$3,C3<$P$3,E3>=$P$3,E3<$N$3),$P$3-C3,IF(AND(C3>=$P$3,C3<$N$3,E3>=$O$3,E3<$P$3),E3,IF(AND(C3>=$P$3,C3<$N$3,E3>=$P$3,E3<$N$3),"0","none")))))*24 -> 4.1116667 | I3: 带班主任席执勤小时 | J3: =SUMIF(B:B,"带班主任",F:F) -> 82.252778 | K3: =SUMIF(B:B,"带班主任",G:G) -> 46.084167 | L3: =SUMIF(B:B,"带班主任",H:H) -> 36.168611 | N3: 0.99998843 | O3: 0 | P3: 0.33333333
A4: =IF(B4="","",IF(A4="",NOW(),A4)) -> 46205.947 | B4: 带班主任 | C4: 0.94694444 | D4: 完成 | E4: 0.13936343 | F4: =(IF(E4-C4<0,"24:00"-C4+E4,E4-C4))*24 -> 4.6180556 | G4: =F4-H4 -> 1.2733333 | H4: =(IF(AND(C4>=$O$3,C4<$P$3,E4>=$O$3,E4<$P$3),E4-C4,IF(AND(C4>=$O$3,C4<$P$3,E4>=$P$3,E4<$N$3),$P$3-C4,IF(AND(C4>=$P$3,C4<$N$3,E4>=$O$3,E4<$P$3),E4,IF(AND(C4>=$P$3,C4<$N$3,E4>=$P$3,E4<$N$3),"0","none")))))*24 -> 3.3447222 | I4: 机场管制席执勤小时 | J4: =SUMIF(B:B,"西塔台管制席",F:F)+SUMIF(B:B,"东塔台管制席",F:F) -> 8.8958333 | K4: =SUMIF(B:B,"西塔台管制席",G:G)+SUMIF(B:B,"东塔台管制席",G:G) -> 8.8958333 | L4: =SUMIF(B:B,"西塔台管制席",H:H)+SUMIF(B:B,"东塔台管制席",H:H) -> 0
A5: =IF(B5="","",IF(A5="",NOW(),A5)) -> 46208.502 | B5: 东塔台协调席 | C5: 0.50049769 | D5: 完成 | E5: 0.6362037 | F5: =(IF(E5-C5<0,"24:00"-C5+E5,E5-C5))*24 -> 3.2569444 | G5: =F5-H5 -> 3.2569444 | H5: =(IF(AND(C5>=$O$3,C5<$P$3,E5>=$O$3,E5<$P$3),E5-C5,IF(AND(C5>=$O$3,C5<$P$3,E5>=$P$3,E5<$N$3),$P$3-C5,IF(AND(C5>=$P$3,C5<$N$3,E5>=$O$3,E5<$P$3),E5,IF(AND(C5>=$P$3,C5<$N$3,E5>=$P$3,E5<$N$3),"0","none")))))*24 -> 0 | I5: 机场协调席执勤小时 | J5: =SUMIF(B:B,"西塔台协调席",F:F)+SUMIF(B:B,"东塔台协调席",F:F) -> 6.4222222 | K5: =SUMIF(B:B,"西塔台协调席",G:G)+SUMIF(B:B,"东塔台协调席",G:G) -> 6.4222222 | L5: =SUMIF(B:B,"西塔台协调席",H:H)+SUMIF(B:B,"东塔台协调席",H:H) -> 0
A6: =IF(B6="","",IF(A6="",NOW(),A6)) -> 46208.752 | B6: 西塔台管制席 | C6: 0.75194444 | D6: 完成 | E6: 0.88313657 | F6: =(IF(E6-C6<0,"24:00"-C6+E6,E6-C6))*24 -> 3.1486111 | G6: =F6-H6 -> 3.1486111 | H6: =(IF(AND(C6>=$O$3,C6<$P$3,E6>=$O$3,E6<$P$3),E6-C6,IF(AND(C6>=$O$3,C6<$P$3,E6>=$P$3,E6<$N$3),$P$3-C6,IF(AND(C6>=$P$3,C6<$N$3,E6>=$O$3,E6<$P$3),E6,IF(AND(C6>=$P$3,C6<$N$3,E6>=$P$3,E6<$N$3),"0","none")))))*24 -> 0 | I6: 放行席执勤小时 | J6: =SUMIF(B:B,"放行席",F:F) -> 0 | K6: =SUMIF(B:B,"放行席",G:G) -> 0 | L6: =SUMIF(B:B,"放行席",H:H) -> 0
A7: =IF(B7="","",IF(A7="",NOW(),A7)) -> 46209.293 | B7: 带班主任 | C7: 0.29303241 | D7: 完成 | E7: 0.33903935 | F7: =(IF(E7-C7<0,"24:00"-C7+E7,E7-C7))*24 -> 1.1041667 | G7: =F7-H7 -> 0.13694444 | H7: =(IF(AND(C7>=$O$3,C7<$P$3,E7>=$O$3,E7<$P$3),E7-C7,IF(AND(C7>=$O$3,C7<$P$3,E7>=$P$3,E7<$N$3),$P$3-C7,IF(AND(C7>=$P$3,C7<$N$3,E7>=$O$3,E7<$P$3),E7,IF(AND(C7>=$P$3,C7<$N$3,E7>=$P$3,E7<$N$3),"0","none")))))*24 -> 0.96722222 | I7: 地面席执勤小时 | J7: =SUMIF(B:B,"地面席",F:F) -> 0 | K7: =SUMIF(B:B,"地面席",G:G) -> 0 | L7: =SUMIF(B:B,"地面席",H:H) -> 0
A8: =IF(B8="","",IF(A8="",NOW(),A8)) -> 46209.346 | B8: 带班主任 | C8: 0.34616898 | D8: 完成 | E8: 0.51611111 | F8: =(IF(E8-C8<0,"24:00"-C8+E8,E8-C8))*24 -> 4.0786111 | G8: =F8-H8 -> 4.0786111 | H8: =(IF(AND(C8>=$O$3,C8<$P$3,E8>=$O$3,E8<$P$3),E8-C8,IF(AND(C8>=$O$3,C8<$P$3,E8>=$P$3,E8<$N$3),$P$3-C8,IF(AND(C8>=$P$3,C8<$N$3,E8>=$O$3,E8<$P$3),E8,IF(AND(C8>=$P$3,C8<$N$3,E8>=$P$3,E8<$N$3),"0","none")))))*24 -> 0 | I8: 生产调度席执勤小时 | J8: =SUMIF(B:B,"生产调度席",F:F) -> 0 | K8: =SUMIF(B:B,"生产调度席",G:G) -> 0 | L8: =SUMIF(B:B,"生产调度席",H:H) -> 0
A9: =IF(B9="","",IF(A9="",NOW(),A9)) -> 46209.527 | B9: 带班主任 | C9: 0.52696759 | D9: 完成 | E9: 0.53594907 | F9: =(IF(E9-C9<0,"24:00"-C9+E9,E9-C9))*24 -> 0.21555556 | G9: =F9-H9 -> 0.21555556 | H9: =(IF(AND(C9>=$O$3,C9<$P$3,E9>=$O$3,E9<$P$3),E9-C9,IF(AND(C9>=$O$3,C9<$P$3,E9>=$P$3,E9<$N$3),$P$3-C9,IF(AND(C9>=$P$3,C9<$N$3,E9>=$O$3,E9<$P$3),E9,IF(AND(C9>=$P$3,C9<$N$3,E9>=$P$3,E9<$N$3),"0","none")))))*24 -> 0 | I9: 航班调度席执勤小时 | J9: =SUMIF(B:B,"航班调度席",F:F) -> 0 | K9: =SUMIF(B:B,"航班调度席",G:G) -> 0 | L9: =SUMIF(B:B,"航班调度席",H:H) -> 0
A10: =IF(B10="","",IF(A10="",NOW(),A10)) -> 46209.939 | B10: 带班主任 | C10: 0.93928241 | D10: 完成 | E10: 0.13961806 | F10: =(IF(E10-C10<0,"24:00"-C10+E10,E10-C10))*24 -> 4.8080556 | G10: =F10-H10 -> 1.4572222 | H10: =(IF(AND(C10>=$O$3,C10<$P$3,E10>=$O$3,E10<$P$3),E10-C10,IF(AND(C10>=$O$3,C10<$P$3,E10>=$P$3,E10<$N$3),$P$3-C10,IF(AND(C10>=$P$3,C10<$N$3,E10>=$O$3,E10<$P$3),E10,IF(AND(C10>=$P$3,C10<$N$3,E10>=$P$3,E10<$N$3),"0","none")))))*24 -> 3.3508333 | I10: 综合协调席小时 | J10: =SUMIF(B:B,"综合协调席",F:F) -> 0 | K10: =SUMIF(B:B,"综合协调席",G:G) -> 0 | L10: =SUMIF(B:B,"综合协调席",H:H) -> 0
A11: =IF(B11="","",IF(A11="",NOW(),A11)) -> 46213.292 | B11: 带班主任 | C11: 0.29219907 | D11: 完成 | E11: 0.33503472 | F11: =(IF(E11-C11<0,"24:00"-C11+E11,E11-C11))*24 -> 1.0280556 | G11: =F11-H11 -> 0.040833333 | H11: =(IF(AND(C11>=$O$3,C11<$P$3,E11>=$O$3,E11<$P$3),E11-C11,IF(AND(C11>=$O$3,C11<$P$3,E11>=$P$3,E11<$N$3),$P$3-C11,IF(AND(C11>=$P$3,C11<$N$3,E11>=$O$3,E11<$P$3),E11,IF(AND(C11>=$P$3,C11<$N$3,E11>=$P$3,E11<$N$3),"0","none")))))*24 -> 0.98722222 | I11: 见习管制员小时 | J11: =SUMIF(B:B,"见习管制员",F:F) -> 0 | K11: =SUMIF(B:B,"见习管制员",G:G) -> 0 | L11: =SUMIF(B:B,"见习管制员",H:H) -> 0
A12: =IF(B12="","",IF(A12="",NOW(),A12)) -> 46213.343 | B12: 带班主任 | C12: 0.34275463 | D12: 完成 | E12: 0.46391204 | F12: =(IF(E12-C12<0,"24:00"-C12+E12,E12-C12))*24 -> 2.9077778 | G12: =F12-H12 -> 2.9077778 | H12: =(IF(AND(C12>=$O$3,C12<$P$3,E12>=$O$3,E12<$P$3),E12-C12,IF(AND(C12>=$O$3,C12<$P$3,E12>=$P$3,E12<$N$3),$P$3-C12,IF(AND(C12>=$P$3,C12<$N$3,E12>=$O$3,E12<$P$3),E12,IF(AND(C12>=$P$3,C12<$N$3,E12>=$P$3,E12<$N$3),"0","none")))))*24 -> 0 | I12: 管制教员席小时 | J12: =SUMIF(B:B,"管制教员席",F:F) -> 0 | K12: =SUMIF(B:B,"管制教员席",G:G) -> 0 | L12: =SUMIF(B:B,"管制教员席",H:H) -> 0
A13: =IF(B13="","",IF(A13="",NOW(),A13)) -> 46213.473 | B13: 带班主任 | C13: 0.47297454 | D13: 完成 | E13: 0.54252315 | F13: =(IF(E13-C13<0,"24:00"-C13+E13,E13-C13))*24 -> 1.6691667 | G13: =F13-H13 -> 1.6691667 | H13: =(IF(AND(C13>=$O$3,C13<$P$3,E13>=$O$3,E13<$P$3),E13-C13,IF(AND(C13>=$O$3,C13<$P$3,E13>=$P$3,E13<$N$3),$P$3-C13,IF(AND(C13>=$P$3,C13<$N$3,E13>=$O$3,E13<$P$3),E13,IF(AND(C13>=$P$3,C13<$N$3,E13>=$P$3,E13<$N$3),"0","none")))))*24 -> 0 | I13: 月度总小时统计
A14: =IF(B14="","",IF(A14="",NOW(),A14)) -> 46213.939 | B14: 带班主任 | C14: 0.93875 | D14: 完成 | E14: 0.13938657 | F14: =(IF(E14-C14<0,"24:00"-C14+E14,E14-C14))*24 -> 4.8152778 | G14: =F14-H14 -> 1.47 | H14: =(IF(AND(C14>=$O$3,C14<$P$3,E14>=$O$3,E14<$P$3),E14-C14,IF(AND(C14>=$O$3,C14<$P$3,E14>=$P$3,E14<$N$3),$P$3-C14,IF(AND(C14>=$P$3,C14<$N$3,E14>=$O$3,E14<$P$3),E14,IF(AND(C14>=$P$3,C14<$N$3,E14>=$P$3,E14<$N$3),"0","none")))))*24 -> 3.3452778
A15: =IF(B15="","",IF(A15="",NOW(),A15)) -> 46216.525 | B15: 带班主任 | C15: 0.52488426 | D15: 完成 | E15: 0.65501157 | F15: =(IF(E15-C15<0,"24:00"-C15+E15,E15-C15))*24 -> 3.1230556 | G15: =F15-H15 -> 3.1230556 | H15: =(IF(AND(C15>=$O$3,C15<$P$3,E15>=$O$3,E15<$P$3),E15-C15,IF(AND(C15>=$O$3,C15<$P$3,E15>=$P$3,E15<$N$3),$P$3-C15,IF(AND(C15>=$P$3,C15<$N$3,E15>=$O$3,E15<$P$3),E15,IF(AND(C15>=$P$3,C15<$N$3,E15>=$P$3,E15<$N$3),"0","none")))))*24 -> 0 | I15: 统计 | J15: 各席位总小时 | K15: 白班小时 | L15: 夜班小时 (0000-0800) | M15: 备注
A16: =IF(B16="","",IF(A16="",NOW(),A16)) -> 46216.773 | B16: 带班主任 | C16: 0.77258102 | D16: 完成 | E16: 0.94581019 | F16: =(IF(E16-C16<0,"24:00"-C16+E16,E16-C16))*24 -> 4.1575 | G16: =F16-H16 -> 4.1575 | H16: =(IF(AND(C16>=$O$3,C16<$P$3,E16>=$O$3,E16<$P$3),E16-C16,IF(AND(C16>=$O$3,C16<$P$3,E16>=$P$3,E16<$N$3),$P$3-C16,IF(AND(C16>=$P$3,C16<$N$3,E16>=$O$3,E16<$P$3),E16,IF(AND(C16>=$P$3,C16<$N$3,E16>=$P$3,E16<$N$3),"0","none")))))*24 -> 0 | I16: 带班主任席执勤小时 | J16: =J3 -> 82.252778 | K16: =K3 -> 46.084167 | L16: =L3 -> 36.168611
A17: =IF(B17="","",IF(A17="",NOW(),A17)) -> 46217.293 | B17: 带班主任 | C17: 0.2934838 | D17: 完成 | E17: 0.35484954 | F17: =(IF(E17-C17<0,"24:00"-C17+E17,E17-C17))*24 -> 1.4727778 | G17: =F17-H17 -> 0.51638889 | H17: =(IF(AND(C17>=$O$3,C17<$P$3,E17>=$O$3,E17<$P$3),E17-C17,IF(AND(C17>=$O$3,C17<$P$3,E17>=$P$3,E17<$N$3),$P$3-C17,IF(AND(C17>=$P$3,C17<$N$3,E17>=$O$3,E17<$P$3),E17,IF(AND(C17>=$P$3,C17<$N$3,E17>=$P$3,E17<$N$3),"0","none")))))*24 -> 0.95638889 | I17: 席位执勤小时 | J17: =J4+J5+J6+J7+J10 -> 15.318056 | K17: =K4+K5+K6+K7+K10 -> 15.318056 | L17: =L4+L5+L6+L7+L10 -> 0
A18: =IF(B18="","",IF(A18="",NOW(),A18)) -> 46217.36 | B18: 带班主任 | C18: 0.36030093 | D18: 完成 | E18: 0.4946875 | F18: =(IF(E18-C18<0,"24:00"-C18+E18,E18-C18))*24 -> 3.2252778 | G18: =F18-H18 -> 3.2252778 | H18: =(IF(AND(C18>=$O$3,C18<$P$3,E18>=$O$3,E18<$P$3),E18-C18,IF(AND(C18>=$O$3,C18<$P$3,E18>=$P$3,E18<$N$3),$P$3-C18,IF(AND(C18>=$P$3,C18<$N$3,E18>=$O$3,E18<$P$3),E18,IF(AND(C18>=$P$3,C18<$N$3,E18>=$P$3,E18<$N$3),"0","none")))))*24 -> 0 | I18: 见习管制员小时 | J18: =J11 -> 0 | K18: =K11 -> 0 | L18: =L11 -> 0
A19: =IF(B19="","",IF(A19="",NOW(),A19)) -> 46217.507 | B19: 带班主任 | C19: 0.5066088 | D19: 完成 | E19: 0.52961806 | F19: =(IF(E19-C19<0,"24:00"-C19+E19,E19-C19))*24 -> 0.55222222 | G19: =F19-H19 -> 0.55222222 | H19: =(IF(AND(C19>=$O$3,C19<$P$3,E19>=$O$3,E19<$P$3),E19-C19,IF(AND(C19>=$O$3,C19<$P$3,E19>=$P$3,E19<$N$3),$P$3-C19,IF(AND(C19>=$P$3,C19<$N$3,E19>=$O$3,E19<$P$3),E19,IF(AND(C19>=$P$3,C19<$N$3,E19>=$P$3,E19<$N$3),"0","none")))))*24 -> 0 | I19: 管制教员小时 | J19: =J12 -> 0 | K19: =K12 -> 0 | L19: =L12 -> 0
A20: =IF(B20="","",IF(A20="",NOW(),A20)) -> 46217.648 | B20: 带班主任 | C20: 0.64769676 | D20: 完成 | E20: 0.78813657 | F20: =(IF(E20-C20<0,"24:00"-C20+E20,E20-C20))*24 -> 3.3705556 | G20: =F20-H20 -> 3.3705556 | H20: =(IF(AND(C20>=$O$3,C20<$P$3,E20>=$O$3,E20<$P$3),E20-C20,IF(AND(C20>=$O$3,C20<$P$3,E20>=$P$3,E20<$N$3),$P$3-C20,IF(AND(C20>=$P$3,C20<$N$3,E20>=$O$3,E20<$P$3),E20,IF(AND(C20>=$P$3,C20<$N$3,E20>=$P$3,E20<$N$3),"0","none")))))*24 -> 0 | I20: 月度总小时 | J20: =J16+J17+J18+J19 -> 97.570833
A21: =IF(B21="","",IF(A21="",NOW(),A21)) -> 46220.938 | B21: 带班主任 | C21: 0.93829861 | D21: 完成 | E21: 0.14196759 | F21: =(IF(E21-C21<0,"24:00"-C21+E21,E21-C21))*24 -> 4.8880556 | G21: =F21-H21 -> 1.4808333 | H21: =(IF(AND(C21>=$O$3,C21<$P$3,E21>=$O$3,E21<$P$3),E21-C21,IF(AND(C21>=$O$3,C21<$P$3,E21>=$P$3,E21<$N$3),$P$3-C21,IF(AND(C21>=$P$3,C21<$N$3,E21>=$O$3,E21<$P$3),E21,IF(AND(C21>=$P$3,C21<$N$3,E21>=$P$3,E21<$N$3),"0","none")))))*24 -> 3.4072222 | I21: 调度席 | J21: =SUM(J8:J9) -> 0 | K21: =SUM(K8:K9) -> 0 | L21: =SUM(L8:L9) -> 0
A22: =IF(B22="","",IF(A22="",NOW(),A22)) -> 46222.135 | B22: 带班主任 | C22: 0.13461806 | D22: 完成 | E22: 0.30509259 | F22: =(IF(E22-C22<0,"24:00"-C22+E22,E22-C22))*24 -> 4.0913889 | G22: =F22-H22 -> 0 | H22: =(IF(AND(C22>=$O$3,C22<$P$3,E22>=$O$3,E22<$P$3),E22-C22,IF(AND(C22>=$O$3,C22<$P$3,E22>=$P$3,E22<$N$3),$P$3-C22,IF(AND(C22>=$P$3,C22<$N$3,E22>=$O$3,E22<$P$3),E22,IF(AND(C22>=$P$3,C22<$N$3,E22>=$P$3,E22<$N$3),"0","none")))))*24 -> 4.0913889
A23: =IF(B23="","",IF(A23="",NOW(),A23)) -> 46225.132 | B23: 带班主任 | C23: 0.13179398 | D23: 完成 | E23: 0.29810185 | F23: =(IF(E23-C23<0,"24:00"-C23+E23,E23-C23))*24 -> 3.9913889 | G23: =F23-H23 -> 0 | H23: =(IF(AND(C23>=$O$3,C23<$P$3,E23>=$O$3,E23<$P$3),E23-C23,IF(AND(C23>=$O$3,C23<$P$3,E23>=$P$3,E23<$N$3),$P$3-C23,IF(AND(C23>=$P$3,C23<$N$3,E23>=$O$3,E23<$P$3),E23,IF(AND(C23>=$P$3,C23<$N$3,E23>=$P$3,E23<$N$3),"0","none")))))*24 -> 3.9913889
A24: =IF(B24="","",IF(A24="",NOW(),A24)) -> 46225.938 | B24: 带班主任 | C24: 0.93831019 | D24: 完成 | E24: 0.13899306 | F24: =(IF(E24-C24<0,"24:00"-C24+E24,E24-C24))*24 -> 4.8163889 | G24: =F24-H24 -> 1.4805556 | H24: =(IF(AND(C24>=$O$3,C24<$P$3,E24>=$O$3,E24<$P$3),E24-C24,IF(AND(C24>=$O$3,C24<$P$3,E24>=$P$3,E24<$N$3),$P$3-C24,IF(AND(C24>=$P$3,C24<$N$3,E24>=$O$3,E24<$P$3),E24,IF(AND(C24>=$P$3,C24<$N$3,E24>=$P$3,E24<$N$3),"0","none")))))*24 -> 3.3358333
A25: =IF(B25="","",IF(A25="",NOW(),A25)) -> 46228.353 | B25: 西塔台管制席 | C25: 0.35297454 | D25: 完成 | E25: 0.50886574 | F25: =(IF(E25-C25<0,"24:00"-C25+E25,E25-C25))*24 -> 3.7413889 | G25: =F25-H25 -> 3.7413889 | H25: =(IF(AND(C25>=$O$3,C25<$P$3,E25>=$O$3,E25<$P$3),E25-C25,IF(AND(C25>=$O$3,C25<$P$3,E25>=$P$3,E25<$N$3),$P$3-C25,IF(AND(C25>=$P$3,C25<$N$3,E25>=$O$3,E25<$P$3),E25,IF(AND(C25>=$P$3,C25<$N$3,E25>=$P$3,E25<$N$3),"0","none")))))*24 -> 0
A26: =IF(B26="","",IF(A26="",NOW(),A26)) -> 46228.625 | B26: 西塔台协调席 | C26: 0.62516204 | D26: 完成 | E26: 0.75704861 | F26: =(IF(E26-C26<0,"24:00"-C26+E26,E26-C26))*24 -> 3.1652778 | G26: =F26-H26 -> 3.1652778 | H26: =(IF(AND(C26>=$O$3,C26<$P$3,E26>=$O$3,E26<$P$3),E26-C26,IF(AND(C26>=$O$3,C26<$P$3,E26>=$P$3,E26<$N$3),$P$3-C26,IF(AND(C26>=$P$3,C26<$N$3,E26>=$O$3,E26<$P$3),E26,IF(AND(C26>=$P$3,C26<$N$3,E26>=$P$3,E26<$N$3),"0","none")))))*24 -> 0
A27: =IF(B27="","",IF(A27="",NOW(),A27)) -> 46228.715 | B27: 西塔台管制席 | C27: 0.87517361 | D27: 完成 | E27: 0.95875 | F27: =(IF(E27-C27<0,"24:00"-C27+E27,E27-C27))*24 -> 2.0058333 | G27: =F27-H27 -> 2.0058333 | H27: =(IF(AND(C27>=$O$3,C27<$P$3,E27>=$O$3,E27<$P$3),E27-C27,IF(AND(C27>=$O$3,C27<$P$3,E27>=$P$3,E27<$N$3),$P$3-C27,IF(AND(C27>=$P$3,C27<$N$3,E27>=$O$3,E27<$P$3),E27,IF(AND(C27>=$P$3,C27<$N$3,E27>=$P$3,E27<$N$3),"0","none")))))*24 -> 0
A28: =IF(B28="","",IF(A28="",NOW(),A28)) -> 46232.355 | B28: 带班主任 | C28: 0.35512731 | D28: 完成 | E28: 0.53405093 | F28: =(IF(E28-C28<0,"24:00"-C28+E28,E28-C28))*24 -> 4.2941667 | G28: =F28-H28 -> 4.2941667 | H28: =(IF(AND(C28>=$O$3,C28<$P$3,E28>=$O$3,E28<$P$3),E28-C28,IF(AND(C28>=$O$3,C28<$P$3,E28>=$P$3,E28<$N$3),$P$3-C28,IF(AND(C28>=$P$3,C28<$N$3,E28>=$O$3,E28<$P$3),E28,IF(AND(C28>=$P$3,C28<$N$3,E28>=$P$3,E28<$N$3),"0","none")))))*24 -> 0
A29: 46233 | B29: 带班主任 | C29: 0.77237269 | D29: 完成 | E29: 0.94494213 | F29: =(IF(E29-C29<0,"24:00"-C29+E29,E29-C29))*24 -> 4.1416667 | G29: =F29-H29 -> 4.1416667 | H29: =(IF(AND(C29>=$O$3,C29<$P$3,E29>=$O$3,E29<$P$3),E29-C29,IF(AND(C29>=$O$3,C29<$P$3,E29>=$P$3,E29<$N$3),$P$3-C29,IF(AND(C29>=$P$3,C29<$N$3,E29>=$O$3,E29<$P$3),E29,IF(AND(C29>=$P$3,C29<$N$3,E29>=$P$3,E29<$N$3),"0","none")))))*24 -> 0
A30: 46233 | B30: 带班主任 | C30: 0.29440972 | D30: 完成 | E30: 0.54174769 | F30: =(IF(E30-C30<0,"24:00"-C30+E30,E30-C30))*24 -> 5.9361111 | G30: =F30-H30 -> 5.0019444 | H30: =(IF(AND(C30>=$O$3,C30<$P$3,E30>=$O$3,E30<$P$3),E30-C30,IF(AND(C30>=$O$3,C30<$P$3,E30>=$P$3,E30<$N$3),$P$3-C30,IF(AND(C30>=$P$3,C30<$N$3,E30>=$O$3,E30<$P$3),E30,IF(AND(C30>=$P$3,C30<$N$3,E30>=$P$3,E30<$N$3),"0","none")))))*24 -> 0.93416667
A31: 46233 | B31: 带班主任 | C31: 0.93789352 | D31: 完成 | E31: 0.13938657 | F31: =(IF(E31-C31<0,"24:00"-C31+E31,E31-C31))*24 -> 4.8358333 | G31: =F31-H31 -> 1.4905556 | H31: =(IF(AND(C31>=$O$3,C31<$P$3,E31>=$O$3,E31<$P$3),E31-C31,IF(AND(C31>=$O$3,C31<$P$3,E31>=$P$3,E31<$N$3),$P$3-C31,IF(AND(C31>=$P$3,C31<$N$3,E31>=$O$3,E31<$P$3),E31,IF(AND(C31>=$P$3,C31<$N$3,E31>=$P$3,E31<$N$3),"0","none")))))*24 -> 3.3452778
A32: =IF(B32="","",IF(A32="",NOW(),A32)) | F32: =(IF(E32-C32<0,"24:00"-C32+E32,E32-C32))*24 -> 0 | G32: =F32-H32 -> 0 | H32: =(IF(AND(C32>=$O$3,C32<$P$3,E32>=$O$3,E32<$P$3),E32-C32,IF(AND(C32>=$O$3,C32<$P$3,E32>=$P$3,E32<$N$3),$P$3-C32,IF(AND(C32>=$P$3,C32<$N$3,E32>=$O$3,E32<$P$3),E32,IF(AND(C32>=$P$3,C32<$N$3,E32>=$P$3,E32<$N$3),"0","none")))))*24 -> 0
A33: =IF(B33="","",IF(A33="",NOW(),A33)) | F33: =(IF(E33-C33<0,"24:00"-C33+E33,E33-C33))*24 -> 0 | G33: =F33-H33 -> 0 | H33: =(IF(AND(C33>=$O$3,C33<$P$3,E33>=$O$3,E33<$P$3),E33-C33,IF(AND(C33>=$O$3,C33<$P$3,E33>=$P$3,E33<$N$3),$P$3-C33,IF(AND(C33>=$P$3,C33<$N$3,E33>=$O$3,E33<$P$3),E33,IF(AND(C33>=$P$3,C33<$N$3,E33>=$P$3,E33<$N$3),"0","none")))))*24 -> 0
A34: =IF(B34="","",IF(A34="",NOW(),A34)) | F34: =(IF(E34-C34<0,"24:00"-C34+E34,E34-C34))*24 -> 0 | G34: =F34-H34 -> 0 | H34: =(IF(AND(C34>=$O$3,C34<$P$3,E34>=$O$3,E34<$P$3),E34-C34,IF(AND(C34>=$O$3,C34<$P$3,E34>=$P$3,E34<$N$3),$P$3-C34,IF(AND(C34>=$P$3,C34<$N$3,E34>=$O$3,E34<$P$3),E34,IF(AND(C34>=$P$3,C34<$N$3,E34>=$P$3,E34<$N$3),"0","none")))))*24 -> 0
A35: =IF(B35="","",IF(A35="",NOW(),A35)) | F35: =(IF(E35-C35<0,"24:00"-C35+E35,E35-C35))*24 -> 0 | G35: =F35-H35 -> 0 | H35: =(IF(AND(C35>=$O$3,C35<$P$3,E35>=$O$3,E35<$P$3),E35-C35,IF(AND(C35>=$O$3,C35<$P$3,E35>=$P$3,E35<$N$3),$P$3-C35,IF(AND(C35>=$P$3,C35<$N$3,E35>=$O$3,E35<$P$3),E35,IF(AND(C35>=$P$3,C35<$N$3,E35>=$P$3,E35<$N$3),"0","none")))))*24 -> 0
A36: =IF(B36="","",IF(A36="",NOW(),A36)) | F36: =(IF(E36-C36<0,"24:00"-C36+E36,E36-C36))*24 -> 0 | G36: =F36-H36 -> 0 | H36: =(IF(AND(C36>=$O$3,C36<$P$3,E36>=$O$3,E36<$P$3),E36-C36,IF(AND(C36>=$O$3,C36<$P$3,E36>=$P$3,E36<$N$3),$P$3-C36,IF(AND(C36>=$P$3,C36<$N$3,E36>=$O$3,E36<$P$3),E36,IF(AND(C36>=$P$3,C36<$N$3,E36>=$P$3,E36<$N$3),"0","none")))))*24 -> 0
A37: =IF(B37="","",IF(A37="",NOW(),A37)) | F37: =(IF(E37-C37<0,"24:00"-C37+E37,E37-C37))*24 -> 0 | G37: =F37-H37 -> 0 | H37: =(IF(AND(C37>=$O$3,C37<$P$3,E37>=$O$3,E37<$P$3),E37-C37,IF(AND(C37>=$O$3,C37<$P$3,E37>=$P$3,E37<$N$3),$P$3-C37,IF(AND(C37>=$P$3,C37<$N$3,E37>=$O$3,E37<$P$3),E37,IF(AND(C37>=$P$3,C37<$N$3,E37>=$P$3,E37<$N$3),"0","none")))))*24 -> 0
A38: =IF(B38="","",IF(A38="",NOW(),A38)) | F38: =(IF(E38-C38<0,"24:00"-C38+E38,E38-C38))*24 -> 0 | G38: =F38-H38 -> 0 | H38: =(IF(AND(C38>=$O$3,C38<$P$3,E38>=$O$3,E38<$P$3),E38-C38,IF(AND(C38>=$O$3,C38<$P$3,E38>=$P$3,E38<$N$3),$P$3-C38,IF(AND(C38>=$P$3,C38<$N$3,E38>=$O$3,E38<$P$3),E38,IF(AND(C38>=$P$3,C38<$N$3,E38>=$P$3,E38<$N$3),"0","none")))))*24 -> 0
A39: =IF(B39="","",IF(A39="",NOW(),A39)) | F39: =(IF(E39-C39<0,"24:00"-C39+E39,E39-C39))*24 -> 0 | G39: =F39-H39 -> 0 | H39: =(IF(AND(C39>=$O$3,C39<$P$3,E39>=$O$3,E39<$P$3),E39-C39,IF(AND(C39>=$O$3,C39<$P$3,E39>=$P$3,E39<$N$3),$P$3-C39,IF(AND(C39>=$P$3,C39<$N$3,E39>=$O$3,E39<$P$3),E39,IF(AND(C39>=$P$3,C39<$N$3,E39>=$P$3,E39<$N$3),"0","none")))))*24 -> 0
A40: =IF(B40="","",IF(A40="",NOW(),A40)) | F40: =(IF(E40-C40<0,"24:00"-C40+E40,E40-C40))*24 -> 0 | G40: =F40-H40 -> 0 | H40: =(IF(AND(C40>=$O$3,C40<$P$3,E40>=$O$3,E40<$P$3),E40-C40,IF(AND(C40>=$O$3,C40<$P$3,E40>=$P$3,E40<$N$3),$P$3-C40,IF(AND(C40>=$P$3,C40<$N$3,E40>=$O$3,E40<$P$3),E40,IF(AND(C40>=$P$3,C40<$N$3,E40>=$P$3,E40<$N$3),"0","none")))))*24 -> 0
A41: =IF(B41="","",IF(A41="",NOW(),A41)) | F41: =(IF(E41-C41<0,"24:00"-C41+E41,E41-C41))*24 -> 0 | G41: =F41-H41 -> 0 | H41: =(IF(AND(C41>=$O$3,C41<$P$3,E41>=$O$3,E41<$P$3),E41-C41,IF(AND(C41>=$O$3,C41<$P$3,E41>=$P$3,E41<$N$3),$P$3-C41,IF(AND(C41>=$P$3,C41<$N$3,E41>=$O$3,E41<$P$3),E41,IF(AND(C41>=$P$3,C41<$N$3,E41>=$P$3,E41<$N$3),"0","none")))))*24 -> 0
A42: =IF(B42="","",IF(A42="",NOW(),A42)) | F42: =(IF(E42-C42<0,"24:00"-C42+E42,E42-C42))*24 -> 0 | G42: =F42-H42 -> 0 | H42: =(IF(AND(C42>=$O$3,C42<$P$3,E42>=$O$3,E42<$P$3),E42-C42,IF(AND(C42>=$O$3,C42<$P$3,E42>=$P$3,E42<$N$3),$P$3-C42,IF(AND(C42>=$P$3,C42<$N$3,E42>=$O$3,E42<$P$3),E42,IF(AND(C42>=$P$3,C42<$N$3,E42>=$P$3,E42<$N$3),"0","none")))))*24 -> 0
A43: =IF(B43="","",IF(A43="",NOW(),A43)) | F43: =(IF(E43-C43<0,"24:00"-C43+E43,E43-C43))*24 -> 0 | G43: =F43-H43 -> 0 | H43: =(IF(AND(C43>=$O$3,C43<$P$3,E43>=$O$3,E43<$P$3),E43-C43,IF(AND(C43>=$O$3,C43<$P$3,E43>=$P$3,E43<$N$3),$P$3-C43,IF(AND(C43>=$P$3,C43<$N$3,E43>=$O$3,E43<$P$3),E43,IF(AND(C43>=$P$3,C43<$N$3,E43>=$P$3,E43<$N$3),"0","none")))))*24 -> 0
... A160: =IF(B160="","",IF(A160="",NOW(),A160)) | F160: =(IF(E160-C160<0,"24:00"-C160+E160,E160-C160))*24 -> 0 | G160: =F160-H160 -> 0 | H160: =(IF(AND(C160>=$O$3,C160<$P$3,E160>=$O$3,E160<$P$3),E160-C160,IF(AND(C160>=$O$3,C160<$P$3,E160>=$P$3,E160<$N$3),$P$3-C160,IF(AND(C160>=$P$3,C160<$N$3,E160>=$O$3,E160<$P$3),E160,IF(AND(C160>=$P$3,C160<$N$3,E160>=$P$3,E160<$N$3),"0","none")))))*24 -> 0
A161: =IF(B161="","",IF(A161="",NOW(),A161)) | F161: =(IF(E161-C161<0,"24:00"-C161+E161,E161-C161))*24 -> 0
A162: =IF(B162="","",IF(A162="",NOW(),A162)) | F162: =(IF(E162-C162<0,"24:00"-C162+E162,E162-C162))*24 -> 0
A163: =IF(B163="","",IF(A163="",NOW(),A163)) | F163: =(IF(E163-C163<0,"24:00"-C163+E163,E163-C163))*24 -> 0
A164: =IF(B164="","",IF(A164="",NOW(),A164)) | F164: =(IF(E164-C164<0,"24:00"-C164+E164,E164-C164))*24 -> 0
A165: =IF(B165="","",IF(A165="",NOW(),A165)) | F165: =(IF(E165-C165<0,"24:00"-C165+E165,E165-C165))*24 -> 0
A166: =IF(B166="","",IF(A166="",NOW(),A166)) | F166: =(IF(E166-C166<0,"24:00"-C166+E166,E166-C166))*24 -> 0
A167: =IF(B167="","",IF(A167="",NOW(),A167)) | F167: =(IF(E167-C167<0,"24:00"-C167+E167,E167-C167))*24 -> 0
A168: =IF(B168="","",IF(A168="",NOW(),A168)) | F168: =(IF(E168-C168<0,"24:00"-C168+E168,E168-C168))*24 -> 0
A169: =IF(B169="","",IF(A169="",NOW(),A169)) | F169: =(IF(E169-C169<0,"24:00"-C169+E169,E169-C169))*24 -> 0
A170: =IF(B170="","",IF(A170="",NOW(),A170)) | F170: =(IF(E170-C170<0,"24:00"-C170+E170,E170-C170))*24 -> 0
A171: =IF(B171="","",IF(A171="",NOW(),A171)) | F171: =(IF(E171-C171<0,"24:00"-C171+E171,E171-C171))*24 -> 0
A172: =IF(B172="","",IF(A172="",NOW(),A172)) | F172: =(IF(E172-C172<0,"24:00"-C172+E172,E172-C172))*24 -> 0
... A205: =IF(B205="","",IF(A205="",NOW(),A205)) | F205: =(IF(E205-C205<0,"24:00"-C205+E205,E205-C205))*24 -> 0
A206: =IF(B206="","",IF(A206="",NOW(),A206)) | F206: =IF(E206-C206<0,"24:00"-C206+E206,E206-C206) -> 0
A207: =IF(B207="","",IF(A207="",NOW(),A207)) | F207: =IF(E207-C207<0,"24:00"-C207+E207,E207-C207) -> 0
A208: =IF(B208="","",IF(A208="",NOW(),A208)) | F208: =IF(E208-C208<0,"24:00"-C208+E208,E208-C208) -> 0
A209: =IF(B209="","",IF(A209="",NOW(),A209)) | F209: =IF(E209-C209<0,"24:00"-C209+E209,E209-C209) -> 0
A210: =IF(B210="","",IF(A210="",NOW(),A210)) | F210: =IF(E210-C210<0,"24:00"-C210+E210,E210-C210) -> 0
A211: =IF(B211="","",IF(A211="",NOW(),A211)) | F211: =IF(E211-C211<0,"24:00"-C211+E211,E211-C211) -> 0
A212: =IF(B212="","",IF(A212="",NOW(),A212)) | F212: =IF(E212-C212<0,"24:00"-C212+E212,E212-C212) -> 0
A213: =IF(B213="","",IF(A213="",NOW(),A213)) | F213: =IF(E213-C213<0,"24:00"-C213+E213,E213-C213) -> 0
A214: =IF(B214="","",IF(A214="",NOW(),A214)) | F214: =IF(E214-C214<0,"24:00"-C214+E214,E214-C214) -> 0
A215: =IF(B215="","",IF(A215="",NOW(),A215)) | F215: =IF(E215-C215<0,"24:00"-C215+E215,E215-C215) -> 0
A216: =IF(B216="","",IF(A216="",NOW(),A216)) | F216: =IF(E216-C216<0,"24:00"-C216+E216,E216-C216) -> 0
A217: =IF(B217="","",IF(A217="",NOW(),A217)) | F217: =IF(E217-C217<0,"24:00"-C217+E217,E217-C217) -> 0
... A339: =IF(B339="","",IF(A339="",NOW(),A339)) | F339: =IF(E339-C339<0,"24:00"-C339+E339,E339-C339) -> 0

Sheet 明嘉
A1: 返回目录
A2: 日 期 | B2: 岗 位 | C2: 上岗时刻 | D2: 交接班 | E2: 离岗时刻 | F2: 时段工作小时 | G2: 白班小时 | H2: 夜班小时 (0200-0800) | I2: 统 计 | J2: 各席位总小时 | K2: 白班小时 | L2: 夜班小时 (0000-0800) | M2: 备注
A3: =IF(B3="","",IF(A3="",NOW(),A3)) -> 46204.358 | B3: 东塔台管制席 | C3: 0.35810185 | D3: 完成 | E3: 0.51427083 | F3: =(IF(E3-C3<0,"24:00"-C3+E3,E3-C3))*24 -> 3.7480556 | G3: =F3-H3 -> 3.7480556 | H3: =(IF(AND(C3>=$O$3,C3<$P$3,E3>=$O$3,E3<$P$3),E3-C3,IF(AND(C3>=$O$3,C3<$P$3,E3>=$P$3,E3<$N$3),$P$3-C3,IF(AND(C3>=$P$3,C3<$N$3,E3>=$O$3,E3<$P$3),E3,IF(AND(C3>=$P$3,C3<$N$3,E3>=$P$3,E3<$N$3),"0","none")))))*24 -> 0 | I3: 带班主任席执勤小时 | J3: =SUMIF(B:B,"带班主任",F:F) -> 0 | K3: =SUMIF(B:B,"带班主任",G:G) -> 0 | L3: =SUMIF(B:B,"带班主任",H:H) -> 0 | N3: 0.99998843 | O3: 0 | P3: 0.33333333
A4: =IF(B4="","",IF(A4="",NOW(),A4)) -> 46204.626 | B4: 东塔台协调席 | C4: 0.62627315 | D4: 完成 | E4: 0.76215278 | F4: =(IF(E4-C4<0,"24:00"-C4+E4,E4-C4))*24 -> 3.2611111 | G4: =F4-H4 -> 3.2611111 | H4: =(IF(AND(C4>=$O$3,C4<$P$3,E4>=$O$3,E4<$P$3),E4-C4,IF(AND(C4>=$O$3,C4<$P$3,E4>=$P$3,E4<$N$3),$P$3-C4,IF(AND(C4>=$P$3,C4<$N$3,E4>=$O$3,E4<$P$3),E4,IF(AND(C4>=$P$3,C4<$N$3,E4>=$P$3,E4<$N$3),"0","none")))))*24 -> 0 | I4: 机场管制席执勤小时 | J4: =SUMIF(B:B,"西塔台管制席",F:F)+SUMIF(B:B,"东塔台管制席",F:F) -> 29.812222 | K4: =SUMIF(B:B,"西塔台管制席",G:G)+SUMIF(B:B,"东塔台管制席",G:G) -> 19.035 | L4: =SUMIF(B:B,"西塔台管制席",H:H)+SUMIF(B:B,"东塔台管制席",H:H) -> 10.777222
A5: =IF(B5="","",IF(A5="",NOW(),A5)) -> 46204.877 | B5: 东塔台管制席 | C5: 0.87703704 | D5: 完成 | E5: 0.9552662 | F5: =(IF(E5-C5<0,"24:00"-C5+E5,E5-C5))*24 -> 1.8775 | G5: =F5-H5 -> 1.8775 | H5: =(IF(AND(C5>=$O$3,C5<$P$3,E5>=$O$3,E5<$P$3),E5-C5,IF(AND(C5>=$O$3,C5<$P$3,E5>=$P$3,E5<$N$3),$P$3-C5,IF(AND(C5>=$P$3,C5<$N$3,E5>=$O$3,E5<$P$3),E5,IF(AND(C5>=$P$3,C5<$N$3,E5>=$P$3,E5<$N$3),"0","none")))))*24 -> 0 | I5: 机场协调席执勤小时 | J5: =SUMIF(B:B,"西塔台协调席",F:F)+SUMIF(B:B,"东塔台协调席",F:F) -> 26.168333 | K5: =SUMIF(B:B,"西塔台协调席",G:G)+SUMIF(B:B,"东塔台协调席",G:G) -> 15.517778 | L5: =SUMIF(B:B,"西塔台协调席",H:H)+SUMIF(B:B,"东塔台协调席",H:H) -> 10.650556
A6: =IF(B6="","",IF(A6="",NOW(),A6)) -> 46205.299 | B6: 东塔台协调席 | C6: 0.29894676 | D6: 完成 | E6: 0.46393519 | F6: =(IF(E6-C6<0,"24:00"-C6+E6,E6-C6))*24 -> 3.9597222 | G6: =F6-H6 -> 3.1344444 | H6: =(IF(AND(C6>=$O$3,C6<$P$3,E6>=$O$3,E6<$P$3),E6-C6,IF(AND(C6>=$O$3,C6<$P$3,E6>=$P$3,E6<$N$3),$P$3-C6,IF(AND(C6>=$P$3,C6<$N$3,E6>=$O$3,E6<$P$3),E6,IF(AND(C6>=$P$3,C6<$N$3,E6>=$P$3,E6<$N$3),"0","none")))))*24 -> 0.82527778 | I6: 放行席执勤小时 | J6: =SUMIF(B:B,"放行席",F:F) -> 2.1491667 | K6: =SUMIF(B:B,"放行席",G:G) -> 0 | L6: =SUMIF(B:B,"放行席",H:H) -> 2.1491667
A7: =IF(B7="","",IF(A7="",NOW(),A7)) -> 46205.544 | B7: 东塔台管制席 | C7: 0.54375 | D7: 完成 | E7: 0.63232639 | F7: =(IF(E7-C7<0,"24:00"-C7+E7,E7-C7))*24 -> 2.1258333 | G7: =F7-H7 -> 2.1258333 | H7: =(IF(AND(C7>=$O$3,C7<$P$3,E7>=$O$3,E7<$P$3),E7-C7,IF(AND(C7>=$O$3,C7<$P$3,E7>=$P$3,E7<$N$3),$P$3-C7,IF(AND(C7>=$P$3,C7<$N$3,E7>=$O$3,E7<$P$3),E7,IF(AND(C7>=$P$3,C7<$N$3,E7>=$P$3,E7<$N$3),"0","none")))))*24 -> 0 | I7: 地面席执勤小时 | J7: =SUMIF(B:B,"地面席",F:F) -> 2.1952778 | K7: =SUMIF(B:B,"地面席",G:G) -> 0 | L7: =SUMIF(B:B,"地面席",H:H) -> 2.1952778
A8: =IF(B8="","",IF(A8="",NOW(),A8)) -> 46208.956 | B8: 西塔台协调席 | C8: 0.95569444 | D8: 完成 | E8: 0.095729167 | F8: =(IF(E8-C8<0,"24:00"-C8+E8,E8-C8))*24 -> 3.3608333 | G8: =F8-H8 -> 1.0633333 | H8: =(IF(AND(C8>=$O$3,C8<$P$3,E8>=$O$3,E8<$P$3),E8-C8,IF(AND(C8>=$O$3,C8<$P$3,E8>=$P$3,E8<$N$3),$P$3-C8,IF(AND(C8>=$P$3,C8<$N$3,E8>=$O$3,E8<$P$3),E8,IF(AND(C8>=$P$3,C8<$N$3,E8>=$P$3,E8<$N$3),"0","none")))))*24 -> 2.2975 | I8: 生产调度席执勤小时 | J8: =SUMIF(B:B,"生产调度席",F:F) -> 0 | K8: =SUMIF(B:B,"生产调度席",G:G) -> 0 | L8: =SUMIF(B:B,"生产调度席",H:H) -> 0
A9: =IF(B9="","",IF(A9="",NOW(),A9)) -> 46209.096 | B9: 东塔台协调席 | C9: 0.095833333 | D9: 完成 | E9: 0.1437037 | F9: =(IF(E9-C9<0,"24:00"-C9+E9,E9-C9))*24 -> 1.1488889 | G9: =F9-H9 -> 0 | H9: =(IF(AND(C9>=$O$3,C9<$P$3,E9>=$O$3,E9<$P$3),E9-C9,IF(AND(C9>=$O$3,C9<$P$3,E9>=$P$3,E9<$N$3),$P$3-C9,IF(AND(C9>=$P$3,C9<$N$3,E9>=$O$3,E9<$P$3),E9,IF(AND(C9>=$P$3,C9<$N$3,E9>=$P$3,E9<$N$3),"0","none")))))*24 -> 1.1488889 | I9: 航班调度席执勤小时 | J9: =SUMIF(B:B,"航班调度席",F:F) -> 6.4166667 | K9: =SUMIF(B:B,"航班调度席",G:G) -> 6.4166667 | L9: =SUMIF(B:B,"航班调度席",H:H) -> 0
A10: =IF(B10="","",IF(A10="",NOW(),A10)) -> 46210.014 | B10: 东塔台协调席 | C10: 0.01375 | D10: 完成 | E10: 0.14523148 | F10: =(IF(E10-C10<0,"24:00"-C10+E10,E10-C10))*24 -> 3.1555556 | G10: =F10-H10 -> 0 | H10: =(IF(AND(C10>=$O$3,C10<$P$3,E10>=$O$3,E10<$P$3),E10-C10,IF(AND(C10>=$O$3,C10<$P$3,E10>=$P$3,E10<$N$3),$P$3-C10,IF(AND(C10>=$P$3,C10<$N$3,E10>=$O$3,E10<$P$3),E10,IF(AND(C10>=$P$3,C10<$N$3,E10>=$P$3,E10<$N$3),"0","none")))))*24 -> 3.1555556 | I10: 综合协调席小时 | J10: =SUMIF(B:B,"综合协调席",F:F) -> 0 | K10: =SUMIF(B:B,"综合协调席",G:G) -> 0 | L10: =SUMIF(B:B,"综合协调席",H:H) -> 0
A11: =IF(B11="","",IF(A11="",NOW(),A11)) -> 46213.132 | B11: 放行席 | C11: 0.13240741 | D11: 完成 | E11: 0.22195602 | F11: =(IF(E11-C11<0,"24:00"-C11+E11,E11-C11))*24 -> 2.1491667 | G11: =F11-H11 -> 0 | H11: =(IF(AND(C11>=$O$3,C11<$P$3,E11>=$O$3,E11<$P$3),E11-C11,IF(AND(C11>=$O$3,C11<$P$3,E11>=$P$3,E11<$N$3),$P$3-C11,IF(AND(C11>=$P$3,C11<$N$3,E11>=$O$3,E11<$P$3),E11,IF(AND(C11>=$P$3,C11<$N$3,E11>=$P$3,E11<$N$3),"0","none")))))*24 -> 2.1491667 | I11: 见习管制员小时 | J11: =SUMIF(B:B,"见习管制员",F:F) -> 0 | K11: =SUMIF(B:B,"见习管制员",G:G) -> 0 | L11: =SUMIF(B:B,"见习管制员",H:H) -> 0
A12: =IF(B12="","",IF(A12="",NOW(),A12)) -> 46214.14 | B12: 西塔台管制席 | C12: 0.13986111 | D12: 完成 | E12: 0.25994213 | F12: =(IF(E12-C12<0,"24:00"-C12+E12,E12-C12))*24 -> 2.8819444 | G12: =F12-H12 -> 0 | H12: =(IF(AND(C12>=$O$3,C12<$P$3,E12>=$O$3,E12<$P$3),E12-C12,IF(AND(C12>=$O$3,C12<$P$3,E12>=$P$3,E12<$N$3),$P$3-C12,IF(AND(C12>=$P$3,C12<$N$3,E12>=$O$3,E12<$P$3),E12,IF(AND(C12>=$P$3,C12<$N$3,E12>=$P$3,E12<$N$3),"0","none")))))*24 -> 2.8819444 | I12: 管制教员席小时 | J12: =SUMIF(B:B,"管制教员席",F:F) -> 0 | K12: =SUMIF(B:B,"管制教员席",G:G) -> 0 | L12: =SUMIF(B:B,"管制教员席",H:H) -> 0
A13: =IF(B13="","",IF(A13="",NOW(),A13)) -> 46214.26 | B13: 东塔台协调席 | C13: 0.2600463 | D13: 完成 | E13: 0.30355324 | F13: =(IF(E13-C13<0,"24:00"-C13+E13,E13-C13))*24 -> 1.0441667 | G13: =F13-H13 -> 0 | H13: =(IF(AND(C13>=$O$3,C13<$P$3,E13>=$O$3,E13<$P$3),E13-C13,IF(AND(C13>=$O$3,C13<$P$3,E13>=$P$3,E13<$N$3),$P$3-C13,IF(AND(C13>=$P$3,C13<$N$3,E13>=$O$3,E13<$P$3),E13,IF(AND(C13>=$P$3,C13<$N$3,E13>=$P$3,E13<$N$3),"0","none")))))*24 -> 1.0441667 | I13: 月度总小时统计
A14: =IF(B14="","",IF(A14="",NOW(),A14)) -> 46216.504 | B14: 东塔台管制席 | C14: 0.50430556 | D14: 完成 | E14: 0.55613426 | F14: =(IF(E14-C14<0,"24:00"-C14+E14,E14-C14))*24 -> 1.2438889 | G14: =F14-H14 -> 1.2438889 | H14: =(IF(AND(C14>=$O$3,C14<$P$3,E14>=$O$3,E14<$P$3),E14-C14,IF(AND(C14>=$O$3,C14<$P$3,E14>=$P$3,E14<$N$3),$P$3-C14,IF(AND(C14>=$P$3,C14<$N$3,E14>=$O$3,E14<$P$3),E14,IF(AND(C14>=$P$3,C14<$N$3,E14>=$P$3,E14<$N$3),"0","none")))))*24 -> 0
A15: =IF(B15="","",IF(A15="",NOW(),A15)) -> 46216.568 | B15: 东塔台管制席 | C15: 0.5681713 | D15: 完成 | E15: 0.63121528 | F15: =(IF(E15-C15<0,"24:00"-C15+E15,E15-C15))*24 -> 1.5130556 | G15: =F15-H15 -> 1.5130556 | H15: =(IF(AND(C15>=$O$3,C15<$P$3,E15>=$O$3,E15<$P$3),E15-C15,IF(AND(C15>=$O$3,C15<$P$3,E15>=$P$3,E15<$N$3),$P$3-C15,IF(AND(C15>=$P$3,C15<$N$3,E15>=$O$3,E15<$P$3),E15,IF(AND(C15>=$P$3,C15<$N$3,E15>=$P$3,E15<$N$3),"0","none")))))*24 -> 0 | I15: 统计 | J15: 各席位总小时 | K15: 白班小时 | L15: 夜班小时 (0000-0800) | M15: 备注
A16: =IF(B16="","",IF(A16="",NOW(),A16)) -> 46216.753 | B16: 东塔台协调席 | C16: 0.75265046 | D16: 完成 | E16: 0.88005787 | F16: =(IF(E16-C16<0,"24:00"-C16+E16,E16-C16))*24 -> 3.0577778 | G16: =F16-H16 -> 3.0577778 | H16: =(IF(AND(C16>=$O$3,C16<$P$3,E16>=$O$3,E16<$P$3),E16-C16,IF(AND(C16>=$O$3,C16<$P$3,E16>=$P$3,E16<$N$3),$P$3-C16,IF(AND(C16>=$P$3,C16<$N$3,E16>=$O$3,E16<$P$3),E16,IF(AND(C16>=$P$3,C16<$N$3,E16>=$P$3,E16<$N$3),"0","none")))))*24 -> 0 | I16: 带班主任席执勤小时 | J16: =J3 -> 0 | K16: =K3 -> 0 | L16: =L3 -> 0
A17: =IF(B17="","",IF(A17="",NOW(),A17)) -> 46217.299 | B17: 西塔台管制席 | C17: 0.29892361 | D17: 完成 | E17: 0.46777778 | F17: =(IF(E17-C17<0,"24:00"-C17+E17,E17-C17))*24 -> 4.0525 | G17: =F17-H17 -> 3.2266667 | H17: =(IF(AND(C17>=$O$3,C17<$P$3,E17>=$O$3,E17<$P$3),E17-C17,IF(AND(C17>=$O$3,C17<$P$3,E17>=$P$3,E17<$N$3),$P$3-C17,IF(AND(C17>=$P$3,C17<$N$3,E17>=$O$3,E17<$P$3),E17,IF(AND(C17>=$P$3,C17<$N$3,E17>=$P$3,E17<$N$3),"0","none")))))*24 -> 0.82583333 | I17: 席位执勤小时 | J17: =J4+J5+J6+J7+J10 -> 60.325 | K17: =K4+K5+K6+K7+K10 -> 34.552778 | L17: =L4+L5+L6+L7+L10 -> 25.772222
A18: =IF(B18="","",IF(A18="",NOW(),A18)) -> 46217.542 | B18: 西塔台管制席 | C18: 0.54210648 | D18: 完成 | E18: 0.63165509 | F18: =(IF(E18-C18<0,"24:00"-C18+E18,E18-C18))*24 -> 2.1491667 | G18: =F18-H18 -> 2.1491667 | H18: =(IF(AND(C18>=$O$3,C18<$P$3,E18>=$O$3,E18<$P$3),E18-C18,IF(AND(C18>=$O$3,C18<$P$3,E18>=$P$3,E18<$N$3),$P$3-C18,IF(AND(C18>=$P$3,C18<$N$3,E18>=$O$3,E18<$P$3),E18,IF(AND(C18>=$P$3,C18<$N$3,E18>=$P$3,E18<$N$3),"0","none")))))*24 -> 0 | I18: 见习管制员小时 | J18: =J11 -> 0 | K18: =K11 -> 0 | L18: =L11 -> 0
A19: =IF(B19="","",IF(A19="",NOW(),A19)) -> 46221.013 | B19: 西塔台管制席 | C19: 0.013449074 | D19: 完成 | E19: 0.14416667 | F19: =(IF(E19-C19<0,"24:00"-C19+E19,E19-C19))*24 -> 3.1372222 | G19: =F19-H19 -> 0 | H19: =(IF(AND(C19>=$O$3,C19<$P$3,E19>=$O$3,E19<$P$3),E19-C19,IF(AND(C19>=$O$3,C19<$P$3,E19>=$P$3,E19<$N$3),$P$3-C19,IF(AND(C19>=$P$3,C19<$N$3,E19>=$O$3,E19<$P$3),E19,IF(AND(C19>=$P$3,C19<$N$3,E19>=$P$3,E19<$N$3),"0","none")))))*24 -> 3.1372222 | I19: 管制教员小时 | J19: =J12 -> 0 | K19: =K12 -> 0 | L19: =L12 -> 0
A20: =IF(B20="","",IF(A20="",NOW(),A20)) -> 46225.139 | B20: 东塔台管制席 | C20: 0.1394213 | D20: 完成 | E20: 0.30326389 | F20: =(IF(E20-C20<0,"24:00"-C20+E20,E20-C20))*24 -> 3.9322222 | G20: =F20-H20 -> 0 | H20: =(IF(AND(C20>=$O$3,C20<$P$3,E20>=$O$3,E20<$P$3),E20-C20,IF(AND(C20>=$O$3,C20<$P$3,E20>=$P$3,E20<$N$3),$P$3-C20,IF(AND(C20>=$P$3,C20<$N$3,E20>=$O$3,E20<$P$3),E20,IF(AND(C20>=$P$3,C20<$N$3,E20>=$P$3,E20<$N$3),"0","none")))))*24 -> 3.9322222 | I20: 月度总小时 | J20: =J16+J17+J18+J19 -> 60.325
A21: =IF(B21="","",IF(A21="",NOW(),A21)) -> 46226.139 | B21: 地面席 | C21: 0.13900463 | D21: 完成 | E21: 0.23047454 | F21: =(IF(E21-C21<0,"24:00"-C21+E21,E21-C21))*24 -> 2.1952778 | G21: =F21-H21 -> 0 | H21: =(IF(AND(C21>=$O$3,C21<$P$3,E21>=$O$3,E21<$P$3),E21-C21,IF(AND(C21>=$O$3,C21<$P$3,E21>=$P$3,E21<$N$3),$P$3-C21,IF(AND(C21>=$P$3,C21<$N$3,E21>=$O$3,E21<$P$3),E21,IF(AND(C21>=$P$3,C21<$N$3,E21>=$P$3,E21<$N$3),"0","none")))))*24 -> 2.1952778 | I21: 调度席 | J21: =SUM(J8:J9) -> 6.4166667 | K21: =SUM(K8:K9) -> 6.4166667 | L21: =SUM(L8:L9) -> 0
A22: =IF(B22="","",IF(A22="",NOW(),A22)) -> 46228.378 | B22: 航班调度席 | C22: 0.3781713 | D22: 完成 | E22: 0.53175926 | F22: =(IF(E22-C22<0,"24:00"-C22+E22,E22-C22))*24 -> 3.6861111 | G22: =F22-H22 -> 3.6861111 | H22: =(IF(AND(C22>=$O$3,C22<$P$3,E22>=$O$3,E22<$P$3),E22-C22,IF(AND(C22>=$O$3,C22<$P$3,E22>=$P$3,E22<$N$3),$P$3-C22,IF(AND(C22>=$P$3,C22<$N$3,E22>=$O$3,E22<$P$3),E22,IF(AND(C22>=$P$3,C22<$N$3,E22>=$P$3,E22<$N$3),"0","none")))))*24 -> 0
A23: =IF(B23="","",IF(A23="",NOW(),A23)) -> 46228.616 | B23: 航班调度席 | C23: 0.61550926 | D23: 完成 | E23: 0.72928241 | F23: =(IF(E23-C23<0,"24:00"-C23+E23,E23-C23))*24 -> 2.7305556 | G23: =F23-H23 -> 2.7305556 | H23: =(IF(AND(C23>=$O$3,C23<$P$3,E23>=$O$3,E23<$P$3),E23-C23,IF(AND(C23>=$O$3,C23<$P$3,E23>=$P$3,E23<$N$3),$P$3-C23,IF(AND(C23>=$P$3,C23<$N$3,E23>=$O$3,E23<$P$3),E23,IF(AND(C23>=$P$3,C23<$N$3,E23>=$P$3,E23<$N$3),"0","none")))))*24 -> 0
A24: =IF(B24="","",IF(A24="",NOW(),A24)) -> 46229.015 | B24: 东塔台协调席 | C24: 0.014756944 | D24: 完成 | E24: 0.10555556 | F24: =(IF(E24-C24<0,"24:00"-C24+E24,E24-C24))*24 -> 2.1791667 | G24: =F24-H24 -> 0 | H24: =(IF(AND(C24>=$O$3,C24<$P$3,E24>=$O$3,E24<$P$3),E24-C24,IF(AND(C24>=$O$3,C24<$P$3,E24>=$P$3,E24<$N$3),$P$3-C24,IF(AND(C24>=$P$3,C24<$N$3,E24>=$O$3,E24<$P$3),E24,IF(AND(C24>=$P$3,C24<$N$3,E24>=$P$3,E24<$N$3),"0","none")))))*24 -> 2.1791667
A25: =IF(B25="","",IF(A25="",NOW(),A25)) -> 46229.459 | B25: 东塔台协调席 | C25: 0.45929398 | D25: 完成 | E25: 0.54636574 | F25: =(IF(E25-C25<0,"24:00"-C25+E25,E25-C25))*24 -> 2.0897222 | G25: =F25-H25 -> 2.0897222 | H25: =(IF(AND(C25>=$O$3,C25<$P$3,E25>=$O$3,E25<$P$3),E25-C25,IF(AND(C25>=$O$3,C25<$P$3,E25>=$P$3,E25<$N$3),$P$3-C25,IF(AND(C25>=$P$3,C25<$N$3,E25>=$O$3,E25<$P$3),E25,IF(AND(C25>=$P$3,C25<$N$3,E25>=$P$3,E25<$N$3),"0","none")))))*24 -> 0
A26: =IF(B26="","",IF(A26="",NOW(),A26)) -> 46229.624 | B26: 东塔台管制席 | C26: 0.62377315 | D26: 完成 | E26: 0.75505787 | F26: =(IF(E26-C26<0,"24:00"-C26+E26,E26-C26))*24 -> 3.1508333 | G26: =F26-H26 -> 3.1508333 | H26: =(IF(AND(C26>=$O$3,C26<$P$3,E26>=$O$3,E26<$P$3),E26-C26,IF(AND(C26>=$O$3,C26<$P$3,E26>=$P$3,E26<$N$3),$P$3-C26,IF(AND(C26>=$P$3,C26<$N$3,E26>=$O$3,E26<$P$3),E26,IF(AND(C26>=$P$3,C26<$N$3,E26>=$P$3,E26<$N$3),"0","none")))))*24 -> 0
A27: =IF(B27="","",IF(A27="",NOW(),A27)) -> 46229.835 | B27: 东塔台协调席 | C27: 0.83471065 | D27: 完成 | E27: 0.95601852 | F27: =(IF(E27-C27<0,"24:00"-C27+E27,E27-C27))*24 -> 2.9113889 | G27: =F27-H27 -> 2.9113889 | H27: =(IF(AND(C27>=$O$3,C27<$P$3,E27>=$O$3,E27<$P$3),E27-C27,IF(AND(C27>=$O$3,C27<$P$3,E27>=$P$3,E27<$N$3),$P$3-C27,IF(AND(C27>=$P$3,C27<$N$3,E27>=$O$3,E27<$P$3),E27,IF(AND(C27>=$P$3,C27<$N$3,E27>=$P$3,E27<$N$3),"0","none")))))*24 -> 0
A28: =IF(B28="","",IF(A28="",NOW(),A28)) | F28: =(IF(E28-C28<0,"24:00"-C28+E28,E28-C28))*24 -> 0 | G28: =F28-H28 -> 0 | H28: =(IF(AND(C28>=$O$3,C28<$P$3,E28>=$O$3,E28<$P$3),E28-C28,IF(AND(C28>=$O$3,C28<$P$3,E28>=$P$3,E28<$N$3),$P$3-C28,IF(AND(C28>=$P$3,C28<$N$3,E28>=$O$3,E28<$P$3),E28,IF(AND(C28>=$P$3,C28<$N$3,E28>=$P$3,E28<$N$3),"0","none")))))*24 -> 0
A29: =IF(B29="","",IF(A29="",NOW(),A29)) | F29: =(IF(E29-C29<0,"24:00"-C29+E29,E29-C29))*24 -> 0 | G29: =F29-H29 -> 0 | H29: =(IF(AND(C29>=$O$3,C29<$P$3,E29>=$O$3,E29<$P$3),E29-C29,IF(AND(C29>=$O$3,C29<$P$3,E29>=$P$3,E29<$N$3),$P$3-C29,IF(AND(C29>=$P$3,C29<$N$3,E29>=$O$3,E29<$P$3),E29,IF(AND(C29>=$P$3,C29<$N$3,E29>=$P$3,E29<$N$3),"0","none")))))*24 -> 0
A30: =IF(B30="","",IF(A30="",NOW(),A30)) | F30: =(IF(E30-C30<0,"24:00"-C30+E30,E30-C30))*24 -> 0 | G30: =F30-H30 -> 0 | H30: =(IF(AND(C30>=$O$3,C30<$P$3,E30>=$O$3,E30<$P$3),E30-C30,IF(AND(C30>=$O$3,C30<$P$3,E30>=$P$3,E30<$N$3),$P$3-C30,IF(AND(C30>=$P$3,C30<$N$3,E30>=$O$3,E30<$P$3),E30,IF(AND(C30>=$P$3,C30<$N$3,E30>=$P$3,E30<$N$3),"0","none")))))*24 -> 0
A31: =IF(B31="","",IF(A31="",NOW(),A31)) | F31: =(IF(E31-C31<0,"24:00"-C31+E31,E31-C31))*24 -> 0 | G31: =F31-H31 -> 0 | H31: =(IF(AND(C31>=$O$3,C31<$P$3,E31>=$O$3,E31<$P$3),E31-C31,IF(AND(C31>=$O$3,C31<$P$3,E31>=$P$3,E31<$N$3),$P$3-C31,IF(AND(C31>=$P$3,C31<$N$3,E31>=$O$3,E31<$P$3),E31,IF(AND(C31>=$P$3,C31<$N$3,E31>=$P$3,E31<$N$3),"0","none")))))*24 -> 0
A32: =IF(B32="","",IF(A32="",NOW(),A32)) | F32: =(IF(E32-C32<0,"24:00"-C32+E32,E32-C32))*24 -> 0 | G32: =F32-H32 -> 0 | H32: =(IF(AND(C32>=$O$3,C32<$P$3,E32>=$O$3,E32<$P$3),E32-C32,IF(AND(C32>=$O$3,C32<$P$3,E32>=$P$3,E32<$N$3),$P$3-C32,IF(AND(C32>=$P$3,C32<$N$3,E32>=$O$3,E32<$P$3),E32,IF(AND(C32>=$P$3,C32<$N$3,E32>=$P$3,E32<$N$3),"0","none")))))*24 -> 0
A33: =IF(B33="","",IF(A33="",NOW(),A33)) | F33: =(IF(E33-C33<0,"24:00"-C33+E33,E33-C33))*24 -> 0 | G33: =F33-H33 -> 0 | H33: =(IF(AND(C33>=$O$3,C33<$P$3,E33>=$O$3,E33<$P$3),E33-C33,IF(AND(C33>=$O$3,C33<$P$3,E33>=$P$3,E33<$N$3),$P$3-C33,IF(AND(C33>=$P$3,C33<$N$3,E33>=$O$3,E33<$P$3),E33,IF(AND(C33>=$P$3,C33<$N$3,E33>=$P$3,E33<$N$3),"0","none")))))*24 -> 0
A34: =IF(B34="","",IF(A34="",NOW(),A34)) | F34: =(IF(E34-C34<0,"24:00"-C34+E34,E34-C34))*24 -> 0 | G34: =F34-H34 -> 0 | H34: =(IF(AND(C34>=$O$3,C34<$P$3,E34>=$O$3,E34<$P$3),E34-C34,IF(AND(C34>=$O$3,C34<$P$3,E34>=$P$3,E34<$N$3),$P$3-C34,IF(AND(C34>=$P$3,C34<$N$3,E34>=$O$3,E34<$P$3),E34,IF(AND(C34>=$P$3,C34<$N$3,E34>=$P$3,E34<$N$3),"0","none")))))*24 -> 0
A35: =IF(B35="","",IF(A35="",NOW(),A35)) | F35: =(IF(E35-C35<0,"24:00"-C35+E35,E35-C35))*24 -> 0 | G35: =F35-H35 -> 0 | H35: =(IF(AND(C35>=$O$3,C35<$P$3,E35>=$O$3,E35<$P$3),E35-C35,IF(AND(C35>=$O$3,C35<$P$3,E35>=$P$3,E35<$N$3),$P$3-C35,IF(AND(C35>=$P$3,C35<$N$3,E35>=$O$3,E35<$P$3),E35,IF(AND(C35>=$P$3,C35<$N$3,E35>=$P$3,E35<$N$3),"0","none")))))*24 -> 0
A36: =IF(B36="","",IF(A36="",NOW(),A36)) | F36: =(IF(E36-C36<0,"24:00"-C36+E36,E36-C36))*24 -> 0 | G36: =F36-H36 -> 0 | H36: =(IF(AND(C36>=$O$3,C36<$P$3,E36>=$O$3,E36<$P$3),E36-C36,IF(AND(C36>=$O$3,C36<$P$3,E36>=$P$3,E36<$N$3),$P$3-C36,IF(AND(C36>=$P$3,C36<$N$3,E36>=$O$3,E36<$P$3),E36,IF(AND(C36>=$P$3,C36<$N$3,E36>=$P$3,E36<$N$3),"0","none")))))*24 -> 0
A37: =IF(B37="","",IF(A37="",NOW(),A37)) | F37: =(IF(E37-C37<0,"24:00"-C37+E37,E37-C37))*24 -> 0 | G37: =F37-H37 -> 0 | H37: =(IF(AND(C37>=$O$3,C37<$P$3,E37>=$O$3,E37<$P$3),E37-C37,IF(AND(C37>=$O$3,C37<$P$3,E37>=$P$3,E37<$N$3),$P$3-C37,IF(AND(C37>=$P$3,C37<$N$3,E37>=$O$3,E37<$P$3),E37,IF(AND(C37>=$P$3,C37<$N$3,E37>=$P$3,E37<$N$3),"0","none")))))*24 -> 0
A38: =IF(B38="","",IF(A38="",NOW(),A38)) | F38: =(IF(E38-C38<0,"24:00"-C38+E38,E38-C38))*24 -> 0 | G38: =F38-H38 -> 0 | H38: =(IF(AND(C38>=$O$3,C38<$P$3,E38>=$O$3,E38<$P$3),E38-C38,IF(AND(C38>=$O$3,C38<$P$3,E38>=$P$3,E38<$N$3),$P$3-C38,IF(AND(C38>=$P$3,C38<$N$3,E38>=$O$3,E38<$P$3),E38,IF(AND(C38>=$P$3,C38<$N$3,E38>=$P$3,E38<$N$3),"0","none")))))*24 -> 0
A39: =IF(B39="","",IF(A39="",NOW(),A39)) | F39: =(IF(E39-C39<0,"24:00"-C39+E39,E39-C39))*24 -> 0 | G39: =F39-H39 -> 0 | H39: =(IF(AND(C39>=$O$3,C39<$P$3,E39>=$O$3,E39<$P$3),E39-C39,IF(AND(C39>=$O$3,C39<$P$3,E39>=$P$3,E39<$N$3),$P$3-C39,IF(AND(C39>=$P$3,C39<$N$3,E39>=$O$3,E39<$P$3),E39,IF(AND(C39>=$P$3,C39<$N$3,E39>=$P$3,E39<$N$3),"0","none")))))*24 -> 0
... A160: =IF(B160="","",IF(A160="",NOW(),A160)) | F160: =(IF(E160-C160<0,"24:00"-C160+E160,E160-C160))*24 -> 0 | G160: =F160-H160 -> 0 | H160: =(IF(AND(C160>=$O$3,C160<$P$3,E160>=$O$3,E160<$P$3),E160-C160,IF(AND(C160>=$O$3,C160<$P$3,E160>=$P$3,E160<$N$3),$P$3-C160,IF(AND(C160>=$P$3,C160<$N$3,E160>=$O$3,E160<$P$3),E160,IF(AND(C160>=$P$3,C160<$N$3,E160>=$P$3,E160<$N$3),"0","none")))))*24 -> 0
A161: =IF(B161="","",IF(A161="",NOW(),A161)) | F161: =(IF(E161-C161<0,"24:00"-C161+E161,E161-C161))*24 -> 0
A162: =IF(B162="","",IF(A162="",NOW(),A162)) | F162: =(IF(E162-C162<0,"24:00"-C162+E162,E162-C162))*24 -> 0
A163: =IF(B163="","",IF(A163="",NOW(),A163)) | F163: =(IF(E163-C163<0,"24:00"-C163+E163,E163-C163))*24 -> 0
A164: =IF(B164="","",IF(A164="",NOW(),A164)) | F164: =(IF(E164-C164<0,"24:00"-C164+E164,E164-C164))*24 -> 0
A165: =IF(B165="","",IF(A165="",NOW(),A165)) | F165: =(IF(E165-C165<0,"24:00"-C165+E165,E165-C165))*24 -> 0
A166: =IF(B166="","",IF(A166="",NOW(),A166)) | F166: =(IF(E166-C166<0,"24:00"-C166+E166,E166-C166))*24 -> 0
A167: =IF(B167="","",IF(A167="",NOW(),A167)) | F167: =(IF(E167-C167<0,"24:00"-C167+E167,E167-C167))*24 -> 0
A168: =IF(B168="","",IF(A168="",NOW(),A168)) | F168: =(IF(E168-C168<0,"24:00"-C168+E168,E168-C168))*24 -> 0
A169: =IF(B169="","",IF(A169="",NOW(),A169)) | F169: =(IF(E169-C169<0,"24:00"-C169+E169,E169-C169))*24 -> 0
A170: =IF(B170="","",IF(A170="",NOW(),A170)) | F170: =(IF(E170-C170<0,"24:00"-C170+E170,E170-C170))*24 -> 0
A171: =IF(B171="","",IF(A171="",NOW(),A171)) | F171: =(IF(E171-C171<0,"24:00"-C171+E171,E171-C171))*24 -> 0
A172: =IF(B172="","",IF(A172="",NOW(),A172)) | F172: =(IF(E172-C172<0,"24:00"-C172+E172,E172-C172))*24 -> 0
... A205: =IF(B205="","",IF(A205="",NOW(),A205)) | F205: =(IF(E205-C205<0,"24:00"-C205+E205,E205-C205))*24 -> 0
A206: =IF(B206="","",IF(A206="",NOW(),A206)) | F206: =IF(E206-C206<0,"24:00"-C206+E206,E206-C206) -> 0
A207: =IF(B207="","",IF(A207="",NOW(),A207)) | F207: =IF(E207-C207<0,"24:00"-C207+E207,E207-C207) -> 0
A208: =IF(B208="","",IF(A208="",NOW(),A208)) | F208: =IF(E208-C208<0,"24:00"-C208+E208,E208-C208) -> 0
A209: =IF(B209="","",IF(A209="",NOW(),A209)) | F209: =IF(E209-C209<0,"24:00"-C209+E209,E209-C209) -> 0
A210: =IF(B210="","",IF(A210="",NOW(),A210)) | F210: =IF(E210-C210<0,"24:00"-C210+E210,E210-C210) -> 0
A211: =IF(B211="","",IF(A211="",NOW(),A211)) | F211: =IF(E211-C211<0,"24:00"-C211+E211,E211-C211) -> 0
A212: =IF(B212="","",IF(A212="",NOW(),A212)) | F212: =IF(E212-C212<0,"24:00"-C212+E212,E212-C212) -> 0
A213: =IF(B213="","",IF(A213="",NOW(),A213)) | F213: =IF(E213-C213<0,"24:00"-C213+E213,E213-C213) -> 0
A214: =IF(B214="","",IF(A214="",NOW(),A214)) | F214: =IF(E214-C214<0,"24:00"-C214+E214,E214-C214) -> 0
A215: =IF(B215="","",IF(A215="",NOW(),A215)) | F215: =IF(E215-C215<0,"24:00"-C215+E215,E215-C215) -> 0
A216: =IF(B216="","",IF(A216="",NOW(),A216)) | F216: =IF(E216-C216<0,"24:00"-C216+E216,E216-C216) -> 0
A217: =IF(B217="","",IF(A217="",NOW(),A217)) | F217: =IF(E217-C217<0,"24:00"-C217+E217,E217-C217) -> 0
... A339: =IF(B339="","",IF(A339="",NOW(),A339)) | F339: =IF(E339-C339<0,"24:00"-C339+E339,E339-C339) -> 0

Sheet 徐万友
A1: 返回目录
A2: 日 期 | B2: 岗 位 | C2: 上岗时刻 | D2: 交接班 | E2: 离岗时刻 | F2: 时段工作小时 | G2: 白班小时 | H2: 夜班小时 (0200-0800) | I2: 统 计 | J2: 各席位总小时 | K2: 白班小时 | L2: 夜班小时 (0000-0800) | M2: 备注
A3: =IF(B3="","",IF(A3="",NOW(),A3)) -> 46204.358 | B3: 带班主任 | C3: 0.35790509 | D3: 完成 | E3: 0.53399306 | F3: =(IF(E3-C3<0,"24:00"-C3+E3,E3-C3))*24 -> 4.2261111 | G3: =F3-H3 -> 4.2261111 | H3: =(IF(AND(C3>=$O$3,C3<$P$3,E3>=$O$3,E3<$P$3),E3-C3,IF(AND(C3>=$O$3,C3<$P$3,E3>=$P$3,E3<$N$3),$P$3-C3,IF(AND(C3>=$P$3,C3<$N$3,E3>=$O$3,E3<$P$3),E3,IF(AND(C3>=$P$3,C3<$N$3,E3>=$P$3,E3<$N$3),"0","none")))))*24 -> 0 | I3: 带班主任席执勤小时 | J3: =SUMIF(B:B,"带班主任",F:F) -> 87.653056 | K3: =SUMIF(B:B,"带班主任",G:G) -> 69.830556 | L3: =SUMIF(B:B,"带班主任",H:H) -> 17.8225 | N3: 0.99998843 | O3: 0 | P3: 0.33333333
A4: =IF(B4="","",IF(A4="",NOW(),A4)) -> 46204.645 | B4: 带班主任 | C4: 0.64517361 | D4: 完成 | E4: 0.78641204 | F4: =(IF(E4-C4<0,"24:00"-C4+E4,E4-C4))*24 -> 3.3897222 | G4: =F4-H4 -> 3.3897222 | H4: =(IF(AND(C4>=$O$3,C4<$P$3,E4>=$O$3,E4<$P$3),E4-C4,IF(AND(C4>=$O$3,C4<$P$3,E4>=$P$3,E4<$N$3),$P$3-C4,IF(AND(C4>=$P$3,C4<$N$3,E4>=$O$3,E4<$P$3),E4,IF(AND(C4>=$P$3,C4<$N$3,E4>=$P$3,E4<$N$3),"0","none")))))*24 -> 0 | I4: 机场管制席执勤小时 | J4: =SUMIF(B:B,"西塔台管制席",F:F)+SUMIF(B:B,"东塔台管制席",F:F) -> 4.6675 | K4: =SUMIF(B:B,"西塔台管制席",G:G)+SUMIF(B:B,"东塔台管制席",G:G) -> 1.1502778 | L4: =SUMIF(B:B,"西塔台管制席",H:H)+SUMIF(B:B,"东塔台管制席",H:H) -> 3.5172222
A5: =IF(B5="","",IF(A5="",NOW(),A5)) -> 46205.519 | B5: 带班主任 | C5: 0.51892361 | D5: 完成 | E5: 0.66055556 | F5: =(IF(E5-C5<0,"24:00"-C5+E5,E5-C5))*24 -> 3.3991667 | G5: =F5-H5 -> 3.3991667 | H5: =(IF(AND(C5>=$O$3,C5<$P$3,E5>=$O$3,E5<$P$3),E5-C5,IF(AND(C5>=$O$3,C5<$P$3,E5>=$P$3,E5<$N$3),$P$3-C5,IF(AND(C5>=$P$3,C5<$N$3,E5>=$O$3,E5<$P$3),E5,IF(AND(C5>=$P$3,C5<$N$3,E5>=$P$3,E5<$N$3),"0","none")))))*24 -> 0 | I5: 机场协调席执勤小时 | J5: =SUMIF(B:B,"西塔台协调席",F:F)+SUMIF(B:B,"东塔台协调席",F:F) -> 0 | K5: =SUMIF(B:B,"西塔台协调席",G:G)+SUMIF(B:B,"东塔台协调席",G:G) -> 0 | L5: =SUMIF(B:B,"西塔台协调席",H:H)+SUMIF(B:B,"东塔台协调席",H:H) -> 0
A6: =IF(B6="","",IF(A6="",NOW(),A6)) -> 46205.771 | B6: 带班主任 | C6: 0.77092593 | D6: 完成 | E6: 0.95509259 | F6: =(IF(E6-C6<0,"24:00"-C6+E6,E6-C6))*24 -> 4.42 | G6: =F6-H6 -> 4.42 | H6: =(IF(AND(C6>=$O$3,C6<$P$3,E6>=$O$3,E6<$P$3),E6-C6,IF(AND(C6>=$O$3,C6<$P$3,E6>=$P$3,E6<$N$3),$P$3-C6,IF(AND(C6>=$P$3,C6<$N$3,E6>=$O$3,E6<$P$3),E6,IF(AND(C6>=$P$3,C6<$N$3,E6>=$P$3,E6<$N$3),"0","none")))))*24 -> 0 | I6: 放行席执勤小时 | J6: =SUMIF(B:B,"放行席",F:F) -> 0 | K6: =SUMIF(B:B,"放行席",G:G) -> 0 | L6: =SUMIF(B:B,"放行席",H:H) -> 0
A7: =IF(B7="","",IF(A7="",NOW(),A7)) -> 46206.29 | B7: 带班主任 | C7: 0.2900463 | D7: 完成 | E7: 0.36576389 | F7: =(IF(E7-C7<0,"24:00"-C7+E7,E7-C7))*24 -> 1.8172222 | G7: =F7-H7 -> 0.77833333 | H7: =(IF(AND(C7>=$O$3,C7<$P$3,E7>=$O$3,E7<$P$3),E7-C7,IF(AND(C7>=$O$3,C7<$P$3,E7>=$P$3,E7<$N$3),$P$3-C7,IF(AND(C7>=$P$3,C7<$N$3,E7>=$O$3,E7<$P$3),E7,IF(AND(C7>=$P$3,C7<$N$3,E7>=$P$3,E7<$N$3),"0","none")))))*24 -> 1.0388889 | I7: 地面席执勤小时 | J7: =SUMIF(B:B,"地面席",F:F) -> 0 | K7: =SUMIF(B:B,"地面席",G:G) -> 0 | L7: =SUMIF(B:B,"地面席",H:H) -> 0
A8: =IF(B8="","",IF(A8="",NOW(),A8)) -> 46208.524 | B8: 带班主任 | C8: 0.52395833 | D8: 完成 | E8: 0.64454861 | F8: =(IF(E8-C8<0,"24:00"-C8+E8,E8-C8))*24 -> 2.8941667 | G8: =F8-H8 -> 2.8941667 | H8: =(IF(AND(C8>=$O$3,C8<$P$3,E8>=$O$3,E8<$P$3),E8-C8,IF(AND(C8>=$O$3,C8<$P$3,E8>=$P$3,E8<$N$3),$P$3-C8,IF(AND(C8>=$P$3,C8<$N$3,E8>=$O$3,E8<$P$3),E8,IF(AND(C8>=$P$3,C8<$N$3,E8>=$P$3,E8<$N$3),"0","none")))))*24 -> 0 | I8: 生产调度席执勤小时 | J8: =SUMIF(B:B,"生产调度席",F:F) -> 0 | K8: =SUMIF(B:B,"生产调度席",G:G) -> 0 | L8: =SUMIF(B:B,"生产调度席",H:H) -> 0
A9: =IF(B9="","",IF(A9="",NOW(),A9)) -> 46208.77 | B9: 带班主任 | C9: 0.76949074 | D9: 完成 | E9: 0.9496875 | F9: =(IF(E9-C9<0,"24:00"-C9+E9,E9-C9))*24 -> 4.3247222 | G9: =F9-H9 -> 4.3247222 | H9: =(IF(AND(C9>=$O$3,C9<$P$3,E9>=$O$3,E9<$P$3),E9-C9,IF(AND(C9>=$O$3,C9<$P$3,E9>=$P$3,E9<$N$3),$P$3-C9,IF(AND(C9>=$P$3,C9<$N$3,E9>=$O$3,E9<$P$3),E9,IF(AND(C9>=$P$3,C9<$N$3,E9>=$P$3,E9<$N$3),"0","none")))))*24 -> 0 | I9: 航班调度席执勤小时 | J9: =SUMIF(B:B,"航班调度席",F:F) -> 0 | K9: =SUMIF(B:B,"航班调度席",G:G) -> 0 | L9: =SUMIF(B:B,"航班调度席",H:H) -> 0
A10: =IF(B10="","",IF(A10="",NOW(),A10)) -> 46217.132 | B10: 带班主任 | C10: 0.13190972 | D10: 完成 | E10: 0.30048611 | F10: =(IF(E10-C10<0,"24:00"-C10+E10,E10-C10))*24 -> 4.0458333 | G10: =F10-H10 -> 0 | H10: =(IF(AND(C10>=$O$3,C10<$P$3,E10>=$O$3,E10<$P$3),E10-C10,IF(AND(C10>=$O$3,C10<$P$3,E10>=$P$3,E10<$N$3),$P$3-C10,IF(AND(C10>=$P$3,C10<$N$3,E10>=$O$3,E10<$P$3),E10,IF(AND(C10>=$P$3,C10<$N$3,E10>=$P$3,E10<$N$3),"0","none")))))*24 -> 4.0458333 | I10: 综合协调席小时 | J10: =SUMIF(B:B,"综合协调席",F:F) -> 0 | K10: =SUMIF(B:B,"综合协调席",G:G) -> 0 | L10: =SUMIF(B:B,"综合协调席",H:H) -> 0
A11: =IF(B11="","",IF(A11="",NOW(),A11)) -> 46217.938 | B11: 带班主任 | C11: 0.93841435 | D11: 完成 | E11: 0.13730324 | F11: =(IF(E11-C11<0,"24:00"-C11+E11,E11-C11))*24 -> 4.7733333 | G11: =F11-H11 -> 1.4780556 | H11: =(IF(AND(C11>=$O$3,C11<$P$3,E11>=$O$3,E11<$P$3),E11-C11,IF(AND(C11>=$O$3,C11<$P$3,E11>=$P$3,E11<$N$3),$P$3-C11,IF(AND(C11>=$P$3,C11<$N$3,E11>=$O$3,E11<$P$3),E11,IF(AND(C11>=$P$3,C11<$N$3,E11>=$P$3,E11<$N$3),"0","none")))))*24 -> 3.2952778 | I11: 见习管制员小时 | J11: =SUMIF(B:B,"见习管制员",F:F) -> 0 | K11: =SUMIF(B:B,"见习管制员",G:G) -> 0 | L11: =SUMIF(B:B,"见习管制员",H:H) -> 0
A12: =IF(B12="","",IF(A12="",NOW(),A12)) -> 46220.524 | B12: 带班主任 | C12: 0.52381944 | D12: 完成 | E12: 0.65354167 | F12: =(IF(E12-C12<0,"24:00"-C12+E12,E12-C12))*24 -> 3.1133333 | G12: =F12-H12 -> 3.1133333 | H12: =(IF(AND(C12>=$O$3,C12<$P$3,E12>=$O$3,E12<$P$3),E12-C12,IF(AND(C12>=$O$3,C12<$P$3,E12>=$P$3,E12<$N$3),$P$3-C12,IF(AND(C12>=$P$3,C12<$N$3,E12>=$O$3,E12<$P$3),E12,IF(AND(C12>=$P$3,C12<$N$3,E12>=$P$3,E12<$N$3),"0","none")))))*24 -> 0 | I12: 管制教员席小时 | J12: =SUMIF(B:B,"管制教员席",F:F) -> 0 | K12: =SUMIF(B:B,"管制教员席",G:G) -> 0 | L12: =SUMIF(B:B,"管制教员席",H:H) -> 0
A13: =IF(B13="","",IF(A13="",NOW(),A13)) -> 46220.815 | B13: 带班主任 | C13: 0.81483796 | D13: 完成 | E13: 0.94525463 | F13: =(IF(E13-C13<0,"24:00"-C13+E13,E13-C13))*24 -> 3.13 | G13: =F13-H13 -> 3.13 | H13: =(IF(AND(C13>=$O$3,C13<$P$3,E13>=$O$3,E13<$P$3),E13-C13,IF(AND(C13>=$O$3,C13<$P$3,E13>=$P$3,E13<$N$3),$P$3-C13,IF(AND(C13>=$P$3,C13<$N$3,E13>=$O$3,E13<$P$3),E13,IF(AND(C13>=$P$3,C13<$N$3,E13>=$P$3,E13<$N$3),"0","none")))))*24 -> 0 | I13: 月度总小时统计
A14: =IF(B14="","",IF(A14="",NOW(),A14)) -> 46221.3 | B14: 带班主任 | C14: 0.30032407 | D14: 完成 | E14: 0.54788194 | F14: =(IF(E14-C14<0,"24:00"-C14+E14,E14-C14))*24 -> 5.9413889 | G14: =F14-H14 -> 5.1491667 | H14: =(IF(AND(C14>=$O$3,C14<$P$3,E14>=$O$3,E14<$P$3),E14-C14,IF(AND(C14>=$O$3,C14<$P$3,E14>=$P$3,E14<$N$3),$P$3-C14,IF(AND(C14>=$P$3,C14<$N$3,E14>=$O$3,E14<$P$3),E14,IF(AND(C14>=$P$3,C14<$N$3,E14>=$P$3,E14<$N$3),"0","none")))))*24 -> 0.79222222
A15: =IF(B15="","",IF(A15="",NOW(),A15)) -> 46221.937 | B15: 带班主任 | C15: 0.93716435 | D15: 完成 | E15: 0.13959491 | F15: =(IF(E15-C15<0,"24:00"-C15+E15,E15-C15))*24 -> 4.8583333 | G15: =F15-H15 -> 1.5080556 | H15: =(IF(AND(C15>=$O$3,C15<$P$3,E15>=$O$3,E15<$P$3),E15-C15,IF(AND(C15>=$O$3,C15<$P$3,E15>=$P$3,E15<$N$3),$P$3-C15,IF(AND(C15>=$P$3,C15<$N$3,E15>=$O$3,E15<$P$3),E15,IF(AND(C15>=$P$3,C15<$N$3,E15>=$P$3,E15<$N$3),"0","none")))))*24 -> 3.3502778 | I15: 统计 | J15: 各席位总小时 | K15: 白班小时 | L15: 夜班小时 (0000-0800) | M15: 备注
A16: =IF(B16="","",IF(A16="",NOW(),A16)) -> 46224.354 | B16: 带班主任 | C16: 0.35371528 | D16: 完成 | E16: 0.52767361 | F16: =(IF(E16-C16<0,"24:00"-C16+E16,E16-C16))*24 -> 4.175 | G16: =F16-H16 -> 4.175 | H16: =(IF(AND(C16>=$O$3,C16<$P$3,E16>=$O$3,E16<$P$3),E16-C16,IF(AND(C16>=$O$3,C16<$P$3,E16>=$P$3,E16<$N$3),$P$3-C16,IF(AND(C16>=$P$3,C16<$N$3,E16>=$O$3,E16<$P$3),E16,IF(AND(C16>=$P$3,C16<$N$3,E16>=$P$3,E16<$N$3),"0","none")))))*24 -> 0 | I16: 带班主任席执勤小时 | J16: =J3 -> 87.653056 | K16: =K3 -> 69.830556 | L16: =L3 -> 17.8225
A17: =IF(B17="","",IF(A17="",NOW(),A17)) -> 46224.656 | B17: 带班主任 | C17: 0.65608796 | D17: 完成 | E17: 0.7859838 | F17: =(IF(E17-C17<0,"24:00"-C17+E17,E17-C17))*24 -> 3.1175 | G17: =F17-H17 -> 3.1175 | H17: =(IF(AND(C17>=$O$3,C17<$P$3,E17>=$O$3,E17<$P$3),E17-C17,IF(AND(C17>=$O$3,C17<$P$3,E17>=$P$3,E17<$N$3),$P$3-C17,IF(AND(C17>=$P$3,C17<$N$3,E17>=$O$3,E17<$P$3),E17,IF(AND(C17>=$P$3,C17<$N$3,E17>=$P$3,E17<$N$3),"0","none")))))*24 -> 0 | I17: 席位执勤小时 | J17: =J4+J5+J6+J7+J10 -> 4.6675 | K17: =K4+K5+K6+K7+K10 -> 1.1502778 | L17: =L4+L5+L6+L7+L10 -> 3.5172222
A18: =IF(B18="","",IF(A18="",NOW(),A18)) -> 46225.523 | B18: 带班主任 | C18: 0.52315972 | D18: 完成 | E18: 0.6528125 | F18: =(IF(E18-C18<0,"24:00"-C18+E18,E18-C18))*24 -> 3.1116667 | G18: =F18-H18 -> 3.1116667 | H18: =(IF(AND(C18>=$O$3,C18<$P$3,E18>=$O$3,E18<$P$3),E18-C18,IF(AND(C18>=$O$3,C18<$P$3,E18>=$P$3,E18<$N$3),$P$3-C18,IF(AND(C18>=$P$3,C18<$N$3,E18>=$O$3,E18<$P$3),E18,IF(AND(C18>=$P$3,C18<$N$3,E18>=$P$3,E18<$N$3),"0","none")))))*24 -> 0 | I18: 见习管制员小时 | J18: =J11 -> 0 | K18: =K11 -> 0 | L18: =L11 -> 0
A19: =IF(B19="","",IF(A19="",NOW(),A19)) -> 46225.749 | B19: 带班主任 | C19: 0.74928241 | D19: 完成 | E19: 0.94325231 | F19: =(IF(E19-C19<0,"24:00"-C19+E19,E19-C19))*24 -> 4.6552778 | G19: =F19-H19 -> 4.6552778 | H19: =(IF(AND(C19>=$O$3,C19<$P$3,E19>=$O$3,E19<$P$3),E19-C19,IF(AND(C19>=$O$3,C19<$P$3,E19>=$P$3,E19<$N$3),$P$3-C19,IF(AND(C19>=$P$3,C19<$N$3,E19>=$O$3,E19<$P$3),E19,IF(AND(C19>=$P$3,C19<$N$3,E19>=$P$3,E19<$N$3),"0","none")))))*24 -> 0 | I19: 管制教员小时 | J19: =J12 -> 0 | K19: =K12 -> 0 | L19: =L12 -> 0
A20: =IF(B20="","",IF(A20="",NOW(),A20)) -> 46226.294 | B20: 带班主任 | C20: 0.29396991 | D20: 完成 | E20: 0.36421296 | F20: =(IF(E20-C20<0,"24:00"-C20+E20,E20-C20))*24 -> 1.6858333 | G20: =F20-H20 -> 0.74111111 | H20: =(IF(AND(C20>=$O$3,C20<$P$3,E20>=$O$3,E20<$P$3),E20-C20,IF(AND(C20>=$O$3,C20<$P$3,E20>=$P$3,E20<$N$3),$P$3-C20,IF(AND(C20>=$P$3,C20<$N$3,E20>=$O$3,E20<$P$3),E20,IF(AND(C20>=$P$3,C20<$N$3,E20>=$P$3,E20<$N$3),"0","none")))))*24 -> 0.94472222 | I20: 月度总小时 | J20: =J16+J17+J18+J19 -> 92.320556
A21: =IF(B21="","",IF(A21="",NOW(),A21)) -> 46228.53 | B21: 带班主任 | C21: 0.52950231 | D21: 完成 | E21: 0.65305556 | F21: =(IF(E21-C21<0,"24:00"-C21+E21,E21-C21))*24 -> 2.9652778 | G21: =F21-H21 -> 2.9652778 | H21: =(IF(AND(C21>=$O$3,C21<$P$3,E21>=$O$3,E21<$P$3),E21-C21,IF(AND(C21>=$O$3,C21<$P$3,E21>=$P$3,E21<$N$3),$P$3-C21,IF(AND(C21>=$P$3,C21<$N$3,E21>=$O$3,E21<$P$3),E21,IF(AND(C21>=$P$3,C21<$N$3,E21>=$P$3,E21<$N$3),"0","none")))))*24 -> 0 | I21: 调度席 | J21: =SUM(J8:J9) -> 0 | K21: =SUM(K8:K9) -> 0 | L21: =SUM(L8:L9) -> 0
A22: =IF(B22="","",IF(A22="",NOW(),A22)) -> 46228.768 | B22: 带班主任 | C22: 0.76771991 | D22: 完成 | E22: 0.94512731 | F22: =(IF(E22-C22<0,"24:00"-C22+E22,E22-C22))*24 -> 4.2577778 | G22: =F22-H22 -> 4.2577778 | H22: =(IF(AND(C22>=$O$3,C22<$P$3,E22>=$O$3,E22<$P$3),E22-C22,IF(AND(C22>=$O$3,C22<$P$3,E22>=$P$3,E22<$N$3),$P$3-C22,IF(AND(C22>=$P$3,C22<$N$3,E22>=$O$3,E22<$P$3),E22,IF(AND(C22>=$P$3,C22<$N$3,E22>=$P$3,E22<$N$3),"0","none")))))*24 -> 0
A23: =IF(B23="","",IF(A23="",NOW(),A23)) -> 46229.297 | B23: 带班主任 | C23: 0.29673611 | D23: 完成 | E23: 0.52837963 | F23: =(IF(E23-C23<0,"24:00"-C23+E23,E23-C23))*24 -> 5.5594444 | G23: =F23-H23 -> 4.6811111 | H23: =(IF(AND(C23>=$O$3,C23<$P$3,E23>=$O$3,E23<$P$3),E23-C23,IF(AND(C23>=$O$3,C23<$P$3,E23>=$P$3,E23<$N$3),$P$3-C23,IF(AND(C23>=$P$3,C23<$N$3,E23>=$O$3,E23<$P$3),E23,IF(AND(C23>=$P$3,C23<$N$3,E23>=$P$3,E23<$N$3),"0","none")))))*24 -> 0.87833333
A24: =IF(B24="","",IF(A24="",NOW(),A24)) -> 46229.647 | B24: 带班主任 | C24: 0.64686343 | D24: 完成 | E24: 0.77898148 | F24: =(IF(E24-C24<0,"24:00"-C24+E24,E24-C24))*24 -> 3.1708333 | G24: =F24-H24 -> 3.1708333 | H24: =(IF(AND(C24>=$O$3,C24<$P$3,E24>=$O$3,E24<$P$3),E24-C24,IF(AND(C24>=$O$3,C24<$P$3,E24>=$P$3,E24<$N$3),$P$3-C24,IF(AND(C24>=$P$3,C24<$N$3,E24>=$O$3,E24<$P$3),E24,IF(AND(C24>=$P$3,C24<$N$3,E24>=$P$3,E24<$N$3),"0","none")))))*24 -> 0
A25: =IF(B25="","",IF(A25="",NOW(),A25)) -> 46232.952 | B25: 带班主任 | C25: 0.95232639 | D25: 完成 | E25: 0.14487269 | F25: =(IF(E25-C25<0,"24:00"-C25+E25,E25-C25))*24 -> 4.6211111 | G25: =F25-H25 -> 1.1441667 | H25: =(IF(AND(C25>=$O$3,C25<$P$3,E25>=$O$3,E25<$P$3),E25-C25,IF(AND(C25>=$O$3,C25<$P$3,E25>=$P$3,E25<$N$3),$P$3-C25,IF(AND(C25>=$P$3,C25<$N$3,E25>=$O$3,E25<$P$3),E25,IF(AND(C25>=$P$3,C25<$N$3,E25>=$P$3,E25<$N$3),"0","none")))))*24 -> 3.4769444
A26: =IF(B26="","",IF(A26="",NOW(),A26)) -> 46234.147 | B26: 东塔台管制席 | C26: 0.95207176 | D26: 完成 | E26: 0.14655093 | F26: =(IF(E26-C26<0,"24:00"-C26+E26,E26-C26))*24 -> 4.6675 | G26: =F26-H26 -> 1.1502778 | H26: =(IF(AND(C26>=$O$3,C26<$P$3,E26>=$O$3,E26<$P$3),E26-C26,IF(AND(C26>=$O$3,C26<$P$3,E26>=$P$3,E26<$N$3),$P$3-C26,IF(AND(C26>=$P$3,C26<$N$3,E26>=$O$3,E26<$P$3),E26,IF(AND(C26>=$P$3,C26<$N$3,E26>=$P$3,E26<$N$3),"0","none")))))*24 -> 3.5172222
A27: =IF(B27="","",IF(A27="",NOW(),A27)) | F27: =(IF(E27-C27<0,"24:00"-C27+E27,E27-C27))*24 -> 0 | G27: =F27-H27 -> 0 | H27: =(IF(AND(C27>=$O$3,C27<$P$3,E27>=$O$3,E27<$P$3),E27-C27,IF(AND(C27>=$O$3,C27<$P$3,E27>=$P$3,E27<$N$3),$P$3-C27,IF(AND(C27>=$P$3,C27<$N$3,E27>=$O$3,E27<$P$3),E27,IF(AND(C27>=$P$3,C27<$N$3,E27>=$P$3,E27<$N$3),"0","none")))))*24 -> 0
A28: =IF(B28="","",IF(A28="",NOW(),A28)) | F28: =(IF(E28-C28<0,"24:00"-C28+E28,E28-C28))*24 -> 0 | G28: =F28-H28 -> 0 | H28: =(IF(AND(C28>=$O$3,C28<$P$3,E28>=$O$3,E28<$P$3),E28-C28,IF(AND(C28>=$O$3,C28<$P$3,E28>=$P$3,E28<$N$3),$P$3-C28,IF(AND(C28>=$P$3,C28<$N$3,E28>=$O$3,E28<$P$3),E28,IF(AND(C28>=$P$3,C28<$N$3,E28>=$P$3,E28<$N$3),"0","none")))))*24 -> 0
A29: =IF(B29="","",IF(A29="",NOW(),A29)) | F29: =(IF(E29-C29<0,"24:00"-C29+E29,E29-C29))*24 -> 0 | G29: =F29-H29 -> 0 | H29: =(IF(AND(C29>=$O$3,C29<$P$3,E29>=$O$3,E29<$P$3),E29-C29,IF(AND(C29>=$O$3,C29<$P$3,E29>=$P$3,E29<$N$3),$P$3-C29,IF(AND(C29>=$P$3,C29<$N$3,E29>=$O$3,E29<$P$3),E29,IF(AND(C29>=$P$3,C29<$N$3,E29>=$P$3,E29<$N$3),"0","none")))))*24 -> 0
A30: =IF(B30="","",IF(A30="",NOW(),A30)) | F30: =(IF(E30-C30<0,"24:00"-C30+E30,E30-C30))*24 -> 0 | G30: =F30-H30 -> 0 | H30: =(IF(AND(C30>=$O$3,C30<$P$3,E30>=$O$3,E30<$P$3),E30-C30,IF(AND(C30>=$O$3,C30<$P$3,E30>=$P$3,E30<$N$3),$P$3-C30,IF(AND(C30>=$P$3,C30<$N$3,E30>=$O$3,E30<$P$3),E30,IF(AND(C30>=$P$3,C30<$N$3,E30>=$P$3,E30<$N$3),"0","none")))))*24 -> 0
A31: =IF(B31="","",IF(A31="",NOW(),A31)) | F31: =(IF(E31-C31<0,"24:00"-C31+E31,E31-C31))*24 -> 0 | G31: =F31-H31 -> 0 | H31: =(IF(AND(C31>=$O$3,C31<$P$3,E31>=$O$3,E31<$P$3),E31-C31,IF(AND(C31>=$O$3,C31<$P$3,E31>=$P$3,E31<$N$3),$P$3-C31,IF(AND(C31>=$P$3,C31<$N$3,E31>=$O$3,E31<$P$3),E31,IF(AND(C31>=$P$3,C31<$N$3,E31>=$P$3,E31<$N$3),"0","none")))))*24 -> 0
A32: =IF(B32="","",IF(A32="",NOW(),A32)) | F32: =(IF(E32-C32<0,"24:00"-C32+E32,E32-C32))*24 -> 0 | G32: =F32-H32 -> 0 | H32: =(IF(AND(C32>=$O$3,C32<$P$3,E32>=$O$3,E32<$P$3),E32-C32,IF(AND(C32>=$O$3,C32<$P$3,E32>=$P$3,E32<$N$3),$P$3-C32,IF(AND(C32>=$P$3,C32<$N$3,E32>=$O$3,E32<$P$3),E32,IF(AND(C32>=$P$3,C32<$N$3,E32>=$P$3,E32<$N$3),"0","none")))))*24 -> 0
A33: =IF(B33="","",IF(A33="",NOW(),A33)) | F33: =(IF(E33-C33<0,"24:00"-C33+E33,E33-C33))*24 -> 0 | G33: =F33-H33 -> 0 | H33: =(IF(AND(C33>=$O$3,C33<$P$3,E33>=$O$3,E33<$P$3),E33-C33,IF(AND(C33>=$O$3,C33<$P$3,E33>=$P$3,E33<$N$3),$P$3-C33,IF(AND(C33>=$P$3,C33<$N$3,E33>=$O$3,E33<$P$3),E33,IF(AND(C33>=$P$3,C33<$N$3,E33>=$P$3,E33<$N$3),"0","none")))))*24 -> 0
A34: =IF(B34="","",IF(A34="",NOW(),A34)) | F34: =(IF(E34-C34<0,"24:00"-C34+E34,E34-C34))*24 -> 0 | G34: =F34-H34 -> 0 | H34: =(IF(AND(C34>=$O$3,C34<$P$3,E34>=$O$3,E34<$P$3),E34-C34,IF(AND(C34>=$O$3,C34<$P$3,E34>=$P$3,E34<$N$3),$P$3-C34,IF(AND(C34>=$P$3,C34<$N$3,E34>=$O$3,E34<$P$3),E34,IF(AND(C34>=$P$3,C34<$N$3,E34>=$P$3,E34<$N$3),"0","none")))))*24 -> 0
A35: =IF(B35="","",IF(A35="",NOW(),A35)) | F35: =(IF(E35-C35<0,"24:00"-C35+E35,E35-C35))*24 -> 0 | G35: =F35-H35 -> 0 | H35: =(IF(AND(C35>=$O$3,C35<$P$3,E35>=$O$3,E35<$P$3),E35-C35,IF(AND(C35>=$O$3,C35<$P$3,E35>=$P$3,E35<$N$3),$P$3-C35,IF(AND(C35>=$P$3,C35<$N$3,E35>=$O$3,E35<$P$3),E35,IF(AND(C35>=$P$3,C35<$N$3,E35>=$P$3,E35<$N$3),"0","none")))))*24 -> 0
A36: =IF(B36="","",IF(A36="",NOW(),A36)) | F36: =(IF(E36-C36<0,"24:00"-C36+E36,E36-C36))*24 -> 0 | G36: =F36-H36 -> 0 | H36: =(IF(AND(C36>=$O$3,C36<$P$3,E36>=$O$3,E36<$P$3),E36-C36,IF(AND(C36>=$O$3,C36<$P$3,E36>=$P$3,E36<$N$3),$P$3-C36,IF(AND(C36>=$P$3,C36<$N$3,E36>=$O$3,E36<$P$3),E36,IF(AND(C36>=$P$3,C36<$N$3,E36>=$P$3,E36<$N$3),"0","none")))))*24 -> 0
A37: =IF(B37="","",IF(A37="",NOW(),A37)) | F37: =(IF(E37-C37<0,"24:00"-C37+E37,E37-C37))*24 -> 0 | G37: =F37-H37 -> 0 | H37: =(IF(AND(C37>=$O$3,C37<$P$3,E37>=$O$3,E37<$P$3),E37-C37,IF(AND(C37>=$O$3,C37<$P$3,E37>=$P$3,E37<$N$3),$P$3-C37,IF(AND(C37>=$P$3,C37<$N$3,E37>=$O$3,E37<$P$3),E37,IF(AND(C37>=$P$3,C37<$N$3,E37>=$P$3,E37<$N$3),"0","none")))))*24 -> 0
A38: =IF(B38="","",IF(A38="",NOW(),A38)) | F38: =(IF(E38-C38<0,"24:00"-C38+E38,E38-C38))*24 -> 0 | G38: =F38-H38 -> 0 | H38: =(IF(AND(C38>=$O$3,C38<$P$3,E38>=$O$3,E38<$P$3),E38-C38,IF(AND(C38>=$O$3,C38<$P$3,E38>=$P$3,E38<$N$3),$P$3-C38,IF(AND(C38>=$P$3,C38<$N$3,E38>=$O$3,E38<$P$3),E38,IF(AND(C38>=$P$3,C38<$N$3,E38>=$P$3,E38<$N$3),"0","none")))))*24 -> 0
... A160: =IF(B160="","",IF(A160="",NOW(),A160)) | F160: =(IF(E160-C160<0,"24:00"-C160+E160,E160-C160))*24 -> 0 | G160: =F160-H160 -> 0 | H160: =(IF(AND(C160>=$O$3,C160<$P$3,E160>=$O$3,E160<$P$3),E160-C160,IF(AND(C160>=$O$3,C160<$P$3,E160>=$P$3,E160<$N$3),$P$3-C160,IF(AND(C160>=$P$3,C160<$N$3,E160>=$O$3,E160<$P$3),E160,IF(AND(C160>=$P$3,C160<$N$3,E160>=$P$3,E160<$N$3),"0","none")))))*24 -> 0
A161: =IF(B161="","",IF(A161="",NOW(),A161)) | F161: =(IF(E161-C161<0,"24:00"-C161+E161,E161-C161))*24 -> 0
A162: =IF(B162="","",IF(A162="",NOW(),A162)) | F162: =(IF(E162-C162<0,"24:00"-C162+E162,E162-C162))*24 -> 0
A163: =IF(B163="","",IF(A163="",NOW(),A163)) | F163: =(IF(E163-C163<0,"24:00"-C163+E163,E163-C163))*24 -> 0
A164: =IF(B164="","",IF(A164="",NOW(),A164)) | F164: =(IF(E164-C164<0,"24:00"-C164+E164,E164-C164))*24 -> 0
A165: =IF(B165="","",IF(A165="",NOW(),A165)) | F165: =(IF(E165-C165<0,"24:00"-C165+E165,E165-C165))*24 -> 0
A166: =IF(B166="","",IF(A166="",NOW(),A166)) | F166: =(IF(E166-C166<0,"24:00"-C166+E166,E166-C166))*24 -> 0
A167: =IF(B167="","",IF(A167="",NOW(),A167)) | F167: =(IF(E167-C167<0,"24:00"-C167+E167,E167-C167))*24 -> 0
A168: =IF(B168="","",IF(A168="",NOW(),A168)) | F168: =(IF(E168-C168<0,"24:00"-C168+E168,E168-C168))*24 -> 0
A169: =IF(B169="","",IF(A169="",NOW(),A169)) | F169: =(IF(E169-C169<0,"24:00"-C169+E169,E169-C169))*24 -> 0
A170: =IF(B170="","",IF(A170="",NOW(),A170)) | F170: =(IF(E170-C170<0,"24:00"-C170+E170,E170-C170))*24 -> 0
A171: =IF(B171="","",IF(A171="",NOW(),A171)) | F171: =(IF(E171-C171<0,"24:00"-C171+E171,E171-C171))*24 -> 0
A172: =IF(B172="","",IF(A172="",NOW(),A172)) | F172: =(IF(E172-C172<0,"24:00"-C172+E172,E172-C172))*24 -> 0
... A205: =IF(B205="","",IF(A205="",NOW(),A205)) | F205: =(IF(E205-C205<0,"24:00"-C205+E205,E205-C205))*24 -> 0
A206: =IF(B206="","",IF(A206="",NOW(),A206)) | F206: =IF(E206-C206<0,"24:00"-C206+E206,E206-C206) -> 0
A207: =IF(B207="","",IF(A207="",NOW(),A207)) | F207: =IF(E207-C207<0,"24:00"-C207+E207,E207-C207) -> 0
A208: =IF(B208="","",IF(A208="",NOW(),A208)) | F208: =IF(E208-C208<0,"24:00"-C208+E208,E208-C208) -> 0
A209: =IF(B209="","",IF(A209="",NOW(),A209)) | F209: =IF(E209-C209<0,"24:00"-C209+E209,E209-C209) -> 0
A210: =IF(B210="","",IF(A210="",NOW(),A210)) | F210: =IF(E210-C210<0,"24:00"-C210+E210,E210-C210) -> 0
A211: =IF(B211="","",IF(A211="",NOW(),A211)) | F211: =IF(E211-C211<0,"24:00"-C211+E211,E211-C211) -> 0
A212: =IF(B212="","",IF(A212="",NOW(),A212)) | F212: =IF(E212-C212<0,"24:00"-C212+E212,E212-C212) -> 0
A213: =IF(B213="","",IF(A213="",NOW(),A213)) | F213: =IF(E213-C213<0,"24:00"-C213+E213,E213-C213) -> 0
A214: =IF(B214="","",IF(A214="",NOW(),A214)) | F214: =IF(E214-C214<0,"24:00"-C214+E214,E214-C214) -> 0
A215: =IF(B215="","",IF(A215="",NOW(),A215)) | F215: =IF(E215-C215<0,"24:00"-C215+E215,E215-C215) -> 0
A216: =IF(B216="","",IF(A216="",NOW(),A216)) | F216: =IF(E216-C216<0,"24:00"-C216+E216,E216-C216) -> 0
A217: =IF(B217="","",IF(A217="",NOW(),A217)) | F217: =IF(E217-C217<0,"24:00"-C217+E217,E217-C217) -> 0
... A339: =IF(B339="","",IF(A339="",NOW(),A339)) | F339: =IF(E339-C339<0,"24:00"-C339+E339,E339-C339) -> 0

Sheet 耿若岩
A1: 返回目录
A2: 日 期 | B2: 岗 位 | C2: 上岗时刻 | D2: 交接班 | E2: 离岗时刻 | F2: 时段工作小时 | G2: 白班小时 | H2: 夜班小时 (0200-0800) | I2: 统 计 | J2: 各席位总小时 | K2: 白班小时 | L2: 夜班小时 (0000-0800) | M2: 备注
A3: =IF(B3="","",IF(A3="",NOW(),A3)) -> 46206.954 | B3: 东塔台管制席 | C3: 0.95383102 | D3: 完成 | E3: 0.11303241 | F3: =(IF(E3-C3<0,"24:00"-C3+E3,E3-C3))*24 -> 3.8208333 | G3: =F3-H3 -> 1.1080556 | H3: =(IF(AND(C3>=$O$3,C3<$P$3,E3>=$O$3,E3<$P$3),E3-C3,IF(AND(C3>=$O$3,C3<$P$3,E3>=$P$3,E3<$N$3),$P$3-C3,IF(AND(C3>=$P$3,C3<$N$3,E3>=$O$3,E3<$P$3),E3,IF(AND(C3>=$P$3,C3<$N$3,E3>=$P$3,E3<$N$3),"0","none")))))*24 -> 2.7127778 | I3: 带班主任席执勤小时 | J3: =SUMIF(B:B,"带班主任",F:F) -> 0 | K3: =SUMIF(B:B,"带班主任",G:G) -> 0 | L3: =SUMIF(B:B,"带班主任",H:H) -> 0 | N3: 0.99998843 | O3: 0 | P3: 0.33333333
A4: =IF(B4="","",IF(A4="",NOW(),A4)) -> 46208.146 | B4: 西塔台协调席 | C4: 0.01400463 | D4: 完成 | E4: 0.1459838 | F4: =(IF(E4-C4<0,"24:00"-C4+E4,E4-C4))*24 -> 3.1675 | G4: =F4-H4 -> 0 | H4: =(IF(AND(C4>=$O$3,C4<$P$3,E4>=$O$3,E4<$P$3),E4-C4,IF(AND(C4>=$O$3,C4<$P$3,E4>=$P$3,E4<$N$3),$P$3-C4,IF(AND(C4>=$P$3,C4<$N$3,E4>=$O$3,E4<$P$3),E4,IF(AND(C4>=$P$3,C4<$N$3,E4>=$P$3,E4<$N$3),"0","none")))))*24 -> 3.1675 | I4: 机场管制席执勤小时 | J4: =SUMIF(B:B,"西塔台管制席",F:F)+SUMIF(B:B,"东塔台管制席",F:F) -> 25.775556 | K4: =SUMIF(B:B,"西塔台管制席",G:G)+SUMIF(B:B,"东塔台管制席",G:G) -> 17.175833 | L4: =SUMIF(B:B,"西塔台管制席",H:H)+SUMIF(B:B,"东塔台管制席",H:H) -> 8.5997222
A5: =IF(B5="","",IF(A5="",NOW(),A5)) -> 46211.141 | B5: 西塔台管制席 | C5: 0.1408912 | D5: 完成 | E5: 0.22605324 | F5: =(IF(E5-C5<0,"24:00"-C5+E5,E5-C5))*24 -> 2.0438889 | G5: =F5-H5 -> 0 | H5: =(IF(AND(C5>=$O$3,C5<$P$3,E5>=$O$3,E5<$P$3),E5-C5,IF(AND(C5>=$O$3,C5<$P$3,E5>=$P$3,E5<$N$3),$P$3-C5,IF(AND(C5>=$P$3,C5<$N$3,E5>=$O$3,E5<$P$3),E5,IF(AND(C5>=$P$3,C5<$N$3,E5>=$P$3,E5<$N$3),"0","none")))))*24 -> 2.0438889 | I5: 机场协调席执勤小时 | J5: =SUMIF(B:B,"西塔台协调席",F:F)+SUMIF(B:B,"东塔台协调席",F:F) -> 20.895833 | K5: =SUMIF(B:B,"西塔台协调席",G:G)+SUMIF(B:B,"东塔台协调席",G:G) -> 16.136389 | L5: =SUMIF(B:B,"西塔台协调席",H:H)+SUMIF(B:B,"东塔台协调席",H:H) -> 4.7594444
A6: =IF(B6="","",IF(A6="",NOW(),A6)) -> 46211.236 | B6: 东塔台协调席 | C6: 0.23584491 | D6: 完成 | E6: 0.30217593 | F6: =(IF(E6-C6<0,"24:00"-C6+E6,E6-C6))*24 -> 1.5919444 | G6: =F6-H6 -> 0 | H6: =(IF(AND(C6>=$O$3,C6<$P$3,E6>=$O$3,E6<$P$3),E6-C6,IF(AND(C6>=$O$3,C6<$P$3,E6>=$P$3,E6<$N$3),$P$3-C6,IF(AND(C6>=$P$3,C6<$N$3,E6>=$O$3,E6<$P$3),E6,IF(AND(C6>=$P$3,C6<$N$3,E6>=$P$3,E6<$N$3),"0","none")))))*24 -> 1.5919444 | I6: 放行席执勤小时 | J6: =SUMIF(B:B,"放行席",F:F) -> 0 | K6: =SUMIF(B:B,"放行席",G:G) -> 0 | L6: =SUMIF(B:B,"放行席",H:H) -> 0
A7: =IF(B7="","",IF(A7="",NOW(),A7)) -> 46212.14 | B7: 西塔台管制席 | C7: 0.13959491 | D7: 完成 | E7: 0.23417824 | F7: =(IF(E7-C7<0,"24:00"-C7+E7,E7-C7))*24 -> 2.27 | G7: =F7-H7 -> 0 | H7: =(IF(AND(C7>=$O$3,C7<$P$3,E7>=$O$3,E7<$P$3),E7-C7,IF(AND(C7>=$O$3,C7<$P$3,E7>=$P$3,E7<$N$3),$P$3-C7,IF(AND(C7>=$P$3,C7<$N$3,E7>=$O$3,E7<$P$3),E7,IF(AND(C7>=$P$3,C7<$N$3,E7>=$P$3,E7<$N$3),"0","none")))))*24 -> 2.27 | I7: 地面席执勤小时 | J7: =SUMIF(B:B,"地面席",F:F) -> 0 | K7: =SUMIF(B:B,"地面席",G:G) -> 0 | L7: =SUMIF(B:B,"地面席",H:H) -> 0
A8: =IF(B8="","",IF(A8="",NOW(),A8)) -> 46214.352 | B8: 西塔台管制席 | C8: 0.35177083 | D8: 完成 | E8: 0.5368287 | F8: =(IF(E8-C8<0,"24:00"-C8+E8,E8-C8))*24 -> 4.4413889 | G8: =F8-H8 -> 4.4413889 | H8: =(IF(AND(C8>=$O$3,C8<$P$3,E8>=$O$3,E8<$P$3),E8-C8,IF(AND(C8>=$O$3,C8<$P$3,E8>=$P$3,E8<$N$3),$P$3-C8,IF(AND(C8>=$P$3,C8<$N$3,E8>=$O$3,E8<$P$3),E8,IF(AND(C8>=$P$3,C8<$N$3,E8>=$P$3,E8<$N$3),"0","none")))))*24 -> 0 | I8: 生产调度席执勤小时 | J8: =SUMIF(B:B,"生产调度席",F:F) -> 0 | K8: =SUMIF(B:B,"生产调度席",G:G) -> 0 | L8: =SUMIF(B:B,"生产调度席",H:H) -> 0
A9: =IF(B9="","",IF(A9="",NOW(),A9)) -> 46214.69 | B9: 东塔台协调席 | C9: 0.68952546 | D9: 完成 | E9: 0.8483912 | F9: =(IF(E9-C9<0,"24:00"-C9+E9,E9-C9))*24 -> 3.8127778 | G9: =F9-H9 -> 3.8127778 | H9: =(IF(AND(C9>=$O$3,C9<$P$3,E9>=$O$3,E9<$P$3),E9-C9,IF(AND(C9>=$O$3,C9<$P$3,E9>=$P$3,E9<$N$3),$P$3-C9,IF(AND(C9>=$P$3,C9<$N$3,E9>=$O$3,E9<$P$3),E9,IF(AND(C9>=$P$3,C9<$N$3,E9>=$P$3,E9<$N$3),"0","none")))))*24 -> 0 | I9: 航班调度席执勤小时 | J9: =SUMIF(B:B,"航班调度席",F:F) -> 4.3319444 | K9: =SUMIF(B:B,"航班调度席",G:G) -> 4.3319444 | L9: =SUMIF(B:B,"航班调度席",H:H) -> 0
A10: =IF(B10="","",IF(A10="",NOW(),A10)) -> 46215.301 | B10: 东塔台管制席 | C10: 0.30103009 | D10: 完成 | E10: 0.46733796 | F10: =(IF(E10-C10<0,"24:00"-C10+E10,E10-C10))*24 -> 3.9913889 | G10: =F10-H10 -> 3.2161111 | H10: =(IF(AND(C10>=$O$3,C10<$P$3,E10>=$O$3,E10<$P$3),E10-C10,IF(AND(C10>=$O$3,C10<$P$3,E10>=$P$3,E10<$N$3),$P$3-C10,IF(AND(C10>=$P$3,C10<$N$3,E10>=$O$3,E10<$P$3),E10,IF(AND(C10>=$P$3,C10<$N$3,E10>=$P$3,E10<$N$3),"0","none")))))*24 -> 0.77527778 | I10: 综合协调席小时 | J10: =SUMIF(B:B,"综合协调席",F:F) -> 0 | K10: =SUMIF(B:B,"综合协调席",G:G) -> 0 | L10: =SUMIF(B:B,"综合协调席",H:H) -> 0
A11: =IF(B11="","",IF(A11="",NOW(),A11)) -> 46215.627 | B11: 东塔台协调席 | C11: 0.6265625 | D11: 完成 | E11: 0.79790509 | F11: =(IF(E11-C11<0,"24:00"-C11+E11,E11-C11))*24 -> 4.1122222 | G11: =F11-H11 -> 4.1122222 | H11: =(IF(AND(C11>=$O$3,C11<$P$3,E11>=$O$3,E11<$P$3),E11-C11,IF(AND(C11>=$O$3,C11<$P$3,E11>=$P$3,E11<$N$3),$P$3-C11,IF(AND(C11>=$P$3,C11<$N$3,E11>=$O$3,E11<$P$3),E11,IF(AND(C11>=$P$3,C11<$N$3,E11>=$P$3,E11<$N$3),"0","none")))))*24 -> 0 | I11: 见习管制员小时 | J11: =SUMIF(B:B,"见习管制员",F:F) -> 0 | K11: =SUMIF(B:B,"见习管制员",G:G) -> 0 | L11: =SUMIF(B:B,"见习管制员",H:H) -> 0
A12: =IF(B12="","",IF(A12="",NOW(),A12)) -> 46223.382 | B12: 航班调度席 | C12: 0.38178241 | D12: 完成 | E12: 0.48940972 | F12: =(IF(E12-C12<0,"24:00"-C12+E12,E12-C12))*24 -> 2.5830556 | G12: =F12-H12 -> 2.5830556 | H12: =(IF(AND(C12>=$O$3,C12<$P$3,E12>=$O$3,E12<$P$3),E12-C12,IF(AND(C12>=$O$3,C12<$P$3,E12>=$P$3,E12<$N$3),$P$3-C12,IF(AND(C12>=$P$3,C12<$N$3,E12>=$O$3,E12<$P$3),E12,IF(AND(C12>=$P$3,C12<$N$3,E12>=$P$3,E12<$N$3),"0","none")))))*24 -> 0 | I12: 管制教员席小时 | J12: =SUMIF(B:B,"管制教员席",F:F) -> 0 | K12: =SUMIF(B:B,"管制教员席",G:G) -> 0 | L12: =SUMIF(B:B,"管制教员席",H:H) -> 0
A13: =IF(B13="","",IF(A13="",NOW(),A13)) -> 46223.593 | B13: 东塔台管制席 | C13: 0.59280093 | D13: 完成 | E13: 0.63563657 | F13: =(IF(E13-C13<0,"24:00"-C13+E13,E13-C13))*24 -> 1.0280556 | G13: =F13-H13 -> 1.0280556 | H13: =(IF(AND(C13>=$O$3,C13<$P$3,E13>=$O$3,E13<$P$3),E13-C13,IF(AND(C13>=$O$3,C13<$P$3,E13>=$P$3,E13<$N$3),$P$3-C13,IF(AND(C13>=$P$3,C13<$N$3,E13>=$O$3,E13<$P$3),E13,IF(AND(C13>=$P$3,C13<$N$3,E13>=$P$3,E13<$N$3),"0","none")))))*24 -> 0 | I13: 月度总小时统计
A14: =IF(B14="","",IF(A14="",NOW(),A14)) -> 46223.636 | B14: 航班调度席 | C14: 0.63568287 | D14: 完成 | E14: 0.70855324 | F14: =(IF(E14-C14<0,"24:00"-C14+E14,E14-C14))*24 -> 1.7488889 | G14: =F14-H14 -> 1.7488889 | H14: =(IF(AND(C14>=$O$3,C14<$P$3,E14>=$O$3,E14<$P$3),E14-C14,IF(AND(C14>=$O$3,C14<$P$3,E14>=$P$3,E14<$N$3),$P$3-C14,IF(AND(C14>=$P$3,C14<$N$3,E14>=$O$3,E14<$P$3),E14,IF(AND(C14>=$P$3,C14<$N$3,E14>=$P$3,E14<$N$3),"0","none")))))*24 -> 0
A15: =IF(B15="","",IF(A15="",NOW(),A15)) -> 46226.521 | B15: 东塔台协调席 | C15: 0.52071759 | D15: 完成 | E15: 0.69547454 | F15: =(IF(E15-C15<0,"24:00"-C15+E15,E15-C15))*24 -> 4.1941667 | G15: =F15-H15 -> 4.1941667 | H15: =(IF(AND(C15>=$O$3,C15<$P$3,E15>=$O$3,E15<$P$3),E15-C15,IF(AND(C15>=$O$3,C15<$P$3,E15>=$P$3,E15<$N$3),$P$3-C15,IF(AND(C15>=$P$3,C15<$N$3,E15>=$O$3,E15<$P$3),E15,IF(AND(C15>=$P$3,C15<$N$3,E15>=$P$3,E15<$N$3),"0","none")))))*24 -> 0 | I15: 统计 | J15: 各席位总小时 | K15: 白班小时 | L15: 夜班小时 (0000-0800) | M15: 备注
A16: =IF(B16="","",IF(A16="",NOW(),A16)) -> 46226.855 | B16: 东塔台管制席 | C16: 0.85547454 | D16: 完成 | E16: 0.96006944 | F16: =(IF(E16-C16<0,"24:00"-C16+E16,E16-C16))*24 -> 2.5102778 | G16: =F16-H16 -> 2.5102778 | H16: =(IF(AND(C16>=$O$3,C16<$P$3,E16>=$O$3,E16<$P$3),E16-C16,IF(AND(C16>=$O$3,C16<$P$3,E16>=$P$3,E16<$N$3),$P$3-C16,IF(AND(C16>=$P$3,C16<$N$3,E16>=$O$3,E16<$P$3),E16,IF(AND(C16>=$P$3,C16<$N$3,E16>=$P$3,E16<$N$3),"0","none")))))*24 -> 0 | I16: 带班主任席执勤小时 | J16: =J3 -> 0 | K16: =K3 -> 0 | L16: =L3 -> 0
A17: =IF(B17="","",IF(A17="",NOW(),A17)) -> 46227.46 | B17: 西塔台管制席 | C17: 0.45989583 | D17: 完成 | E17: 0.63274306 | F17: =(IF(E17-C17<0,"24:00"-C17+E17,E17-C17))*24 -> 4.1483333 | G17: =F17-H17 -> 4.1483333 | H17: =(IF(AND(C17>=$O$3,C17<$P$3,E17>=$O$3,E17<$P$3),E17-C17,IF(AND(C17>=$O$3,C17<$P$3,E17>=$P$3,E17<$N$3),$P$3-C17,IF(AND(C17>=$P$3,C17<$N$3,E17>=$O$3,E17<$P$3),E17,IF(AND(C17>=$P$3,C17<$N$3,E17>=$P$3,E17<$N$3),"0","none")))))*24 -> 0 | I17: 席位执勤小时 | J17: =J4+J5+J6+J7+J10 -> 46.671389 | K17: =K4+K5+K6+K7+K10 -> 33.312222 | L17: =L4+L5+L6+L7+L10 -> 13.359167
A18: =IF(B18="","",IF(A18="",NOW(),A18)) -> 46227.787 | B18: 西塔台协调席 | C18: 0.78730324 | D18: 完成 | E18: 0.9546875 | F18: =(IF(E18-C18<0,"24:00"-C18+E18,E18-C18))*24 -> 4.0172222 | G18: =F18-H18 -> 4.0172222 | H18: =(IF(AND(C18>=$O$3,C18<$P$3,E18>=$O$3,E18<$P$3),E18-C18,IF(AND(C18>=$O$3,C18<$P$3,E18>=$P$3,E18<$N$3),$P$3-C18,IF(AND(C18>=$P$3,C18<$N$3,E18>=$O$3,E18<$P$3),E18,IF(AND(C18>=$P$3,C18<$N$3,E18>=$P$3,E18<$N$3),"0","none")))))*24 -> 0 | I18: 见习管制员小时 | J18: =J11 -> 0 | K18: =K11 -> 0 | L18: =L11 -> 0
A19: =IF(B19="","",IF(A19="",NOW(),A19)) -> 46228.3 | B19: 西塔台管制席 | C19: 0.30009259 | D19: 完成 | E19: 0.3634838 | F19: =(IF(E19-C19<0,"24:00"-C19+E19,E19-C19))*24 -> 1.5213889 | G19: =F19-H19 -> 0.72361111 | H19: =(IF(AND(C19>=$O$3,C19<$P$3,E19>=$O$3,E19<$P$3),E19-C19,IF(AND(C19>=$O$3,C19<$P$3,E19>=$P$3,E19<$N$3),$P$3-C19,IF(AND(C19>=$P$3,C19<$N$3,E19>=$O$3,E19<$P$3),E19,IF(AND(C19>=$P$3,C19<$N$3,E19>=$P$3,E19<$N$3),"0","none")))))*24 -> 0.79777778 | I19: 管制教员小时 | J19: =J12 -> 0 | K19: =K12 -> 0 | L19: =L12 -> 0
A20: =IF(B20="","",IF(A20="",NOW(),A20)) | F20: =(IF(E20-C20<0,"24:00"-C20+E20,E20-C20))*24 -> 0 | G20: =F20-H20 -> 0 | H20: =(IF(AND(C20>=$O$3,C20<$P$3,E20>=$O$3,E20<$P$3),E20-C20,IF(AND(C20>=$O$3,C20<$P$3,E20>=$P$3,E20<$N$3),$P$3-C20,IF(AND(C20>=$P$3,C20<$N$3,E20>=$O$3,E20<$P$3),E20,IF(AND(C20>=$P$3,C20<$N$3,E20>=$P$3,E20<$N$3),"0","none")))))*24 -> 0 | I20: 月度总小时 | J20: =J16+J17+J18+J19 -> 46.671389
A21: =IF(B21="","",IF(A21="",NOW(),A21)) | F21: =(IF(E21-C21<0,"24:00"-C21+E21,E21-C21))*24 -> 0 | G21: =F21-H21 -> 0 | H21: =(IF(AND(C21>=$O$3,C21<$P$3,E21>=$O$3,E21<$P$3),E21-C21,IF(AND(C21>=$O$3,C21<$P$3,E21>=$P$3,E21<$N$3),$P$3-C21,IF(AND(C21>=$P$3,C21<$N$3,E21>=$O$3,E21<$P$3),E21,IF(AND(C21>=$P$3,C21<$N$3,E21>=$P$3,E21<$N$3),"0","none")))))*24 -> 0 | I21: 调度席 | J21: =SUM(J8:J9) -> 4.3319444 | K21: =SUM(K8:K9) -> 4.3319444 | L21: =SUM(L8:L9) -> 0
A22: =IF(B22="","",IF(A22="",NOW(),A22)) | F22: =(IF(E22-C22<0,"24:00"-C22+E22,E22-C22))*24 -> 0 | G22: =F22-H22 -> 0 | H22: =(IF(AND(C22>=$O$3,C22<$P$3,E22>=$O$3,E22<$P$3),E22-C22,IF(AND(C22>=$O$3,C22<$P$3,E22>=$P$3,E22<$N$3),$P$3-C22,IF(AND(C22>=$P$3,C22<$N$3,E22>=$O$3,E22<$P$3),E22,IF(AND(C22>=$P$3,C22<$N$3,E22>=$P$3,E22<$N$3),"0","none")))))*24 -> 0
A23: =IF(B23="","",IF(A23="",NOW(),A23)) | F23: =(IF(E23-C23<0,"24:00"-C23+E23,E23-C23))*24 -> 0 | G23: =F23-H23 -> 0 | H23: =(IF(AND(C23>=$O$3,C23<$P$3,E23>=$O$3,E23<$P$3),E23-C23,IF(AND(C23>=$O$3,C23<$P$3,E23>=$P$3,E23<$N$3),$P$3-C23,IF(AND(C23>=$P$3,C23<$N$3,E23>=$O$3,E23<$P$3),E23,IF(AND(C23>=$P$3,C23<$N$3,E23>=$P$3,E23<$N$3),"0","none")))))*24 -> 0
A24: =IF(B24="","",IF(A24="",NOW(),A24)) | F24: =(IF(E24-C24<0,"24:00"-C24+E24,E24-C24))*24 -> 0 | G24: =F24-H24 -> 0 | H24: =(IF(AND(C24>=$O$3,C24<$P$3,E24>=$O$3,E24<$P$3),E24-C24,IF(AND(C24>=$O$3,C24<$P$3,E24>=$P$3,E24<$N$3),$P$3-C24,IF(AND(C24>=$P$3,C24<$N$3,E24>=$O$3,E24<$P$3),E24,IF(AND(C24>=$P$3,C24<$N$3,E24>=$P$3,E24<$N$3),"0","none")))))*24 -> 0
A25: =IF(B25="","",IF(A25="",NOW(),A25)) | F25: =(IF(E25-C25<0,"24:00"-C25+E25,E25-C25))*24 -> 0 | G25: =F25-H25 -> 0 | H25: =(IF(AND(C25>=$O$3,C25<$P$3,E25>=$O$3,E25<$P$3),E25-C25,IF(AND(C25>=$O$3,C25<$P$3,E25>=$P$3,E25<$N$3),$P$3-C25,IF(AND(C25>=$P$3,C25<$N$3,E25>=$O$3,E25<$P$3),E25,IF(AND(C25>=$P$3,C25<$N$3,E25>=$P$3,E25<$N$3),"0","none")))))*24 -> 0
A26: =IF(B26="","",IF(A26="",NOW(),A26)) | F26: =(IF(E26-C26<0,"24:00"-C26+E26,E26-C26))*24 -> 0 | G26: =F26-H26 -> 0 | H26: =(IF(AND(C26>=$O$3,C26<$P$3,E26>=$O$3,E26<$P$3),E26-C26,IF(AND(C26>=$O$3,C26<$P$3,E26>=$P$3,E26<$N$3),$P$3-C26,IF(AND(C26>=$P$3,C26<$N$3,E26>=$O$3,E26<$P$3),E26,IF(AND(C26>=$P$3,C26<$N$3,E26>=$P$3,E26<$N$3),"0","none")))))*24 -> 0
A27: =IF(B27="","",IF(A27="",NOW(),A27)) | F27: =(IF(E27-C27<0,"24:00"-C27+E27,E27-C27))*24 -> 0 | G27: =F27-H27 -> 0 | H27: =(IF(AND(C27>=$O$3,C27<$P$3,E27>=$O$3,E27<$P$3),E27-C27,IF(AND(C27>=$O$3,C27<$P$3,E27>=$P$3,E27<$N$3),$P$3-C27,IF(AND(C27>=$P$3,C27<$N$3,E27>=$O$3,E27<$P$3),E27,IF(AND(C27>=$P$3,C27<$N$3,E27>=$P$3,E27<$N$3),"0","none")))))*24 -> 0
A28: =IF(B28="","",IF(A28="",NOW(),A28)) | F28: =(IF(E28-C28<0,"24:00"-C28+E28,E28-C28))*24 -> 0 | G28: =F28-H28 -> 0 | H28: =(IF(AND(C28>=$O$3,C28<$P$3,E28>=$O$3,E28<$P$3),E28-C28,IF(AND(C28>=$O$3,C28<$P$3,E28>=$P$3,E28<$N$3),$P$3-C28,IF(AND(C28>=$P$3,C28<$N$3,E28>=$O$3,E28<$P$3),E28,IF(AND(C28>=$P$3,C28<$N$3,E28>=$P$3,E28<$N$3),"0","none")))))*24 -> 0
A29: =IF(B29="","",IF(A29="",NOW(),A29)) | F29: =(IF(E29-C29<0,"24:00"-C29+E29,E29-C29))*24 -> 0 | G29: =F29-H29 -> 0 | H29: =(IF(AND(C29>=$O$3,C29<$P$3,E29>=$O$3,E29<$P$3),E29-C29,IF(AND(C29>=$O$3,C29<$P$3,E29>=$P$3,E29<$N$3),$P$3-C29,IF(AND(C29>=$P$3,C29<$N$3,E29>=$O$3,E29<$P$3),E29,IF(AND(C29>=$P$3,C29<$N$3,E29>=$P$3,E29<$N$3),"0","none")))))*24 -> 0
A30: =IF(B30="","",IF(A30="",NOW(),A30)) | F30: =(IF(E30-C30<0,"24:00"-C30+E30,E30-C30))*24 -> 0 | G30: =F30-H30 -> 0 | H30: =(IF(AND(C30>=$O$3,C30<$P$3,E30>=$O$3,E30<$P$3),E30-C30,IF(AND(C30>=$O$3,C30<$P$3,E30>=$P$3,E30<$N$3),$P$3-C30,IF(AND(C30>=$P$3,C30<$N$3,E30>=$O$3,E30<$P$3),E30,IF(AND(C30>=$P$3,C30<$N$3,E30>=$P$3,E30<$N$3),"0","none")))))*24 -> 0
A31: =IF(B31="","",IF(A31="",NOW(),A31)) | F31: =(IF(E31-C31<0,"24:00"-C31+E31,E31-C31))*24 -> 0 | G31: =F31-H31 -> 0 | H31: =(IF(AND(C31>=$O$3,C31<$P$3,E31>=$O$3,E31<$P$3),E31-C31,IF(AND(C31>=$O$3,C31<$P$3,E31>=$P$3,E31<$N$3),$P$3-C31,IF(AND(C31>=$P$3,C31<$N$3,E31>=$O$3,E31<$P$3),E31,IF(AND(C31>=$P$3,C31<$N$3,E31>=$P$3,E31<$N$3),"0","none")))))*24 -> 0
A32: =IF(B32="","",IF(A32="",NOW(),A32)) | F32: =(IF(E32-C32<0,"24:00"-C32+E32,E32-C32))*24 -> 0 | G32: =F32-H32 -> 0 | H32: =(IF(AND(C32>=$O$3,C32<$P$3,E32>=$O$3,E32<$P$3),E32-C32,IF(AND(C32>=$O$3,C32<$P$3,E32>=$P$3,E32<$N$3),$P$3-C32,IF(AND(C32>=$P$3,C32<$N$3,E32>=$O$3,E32<$P$3),E32,IF(AND(C32>=$P$3,C32<$N$3,E32>=$P$3,E32<$N$3),"0","none")))))*24 -> 0
A33: =IF(B33="","",IF(A33="",NOW(),A33)) | F33: =(IF(E33-C33<0,"24:00"-C33+E33,E33-C33))*24 -> 0 | G33: =F33-H33 -> 0 | H33: =(IF(AND(C33>=$O$3,C33<$P$3,E33>=$O$3,E33<$P$3),E33-C33,IF(AND(C33>=$O$3,C33<$P$3,E33>=$P$3,E33<$N$3),$P$3-C33,IF(AND(C33>=$P$3,C33<$N$3,E33>=$O$3,E33<$P$3),E33,IF(AND(C33>=$P$3,C33<$N$3,E33>=$P$3,E33<$N$3),"0","none")))))*24 -> 0
... A160: =IF(B160="","",IF(A160="",NOW(),A160)) | F160: =(IF(E160-C160<0,"24:00"-C160+E160,E160-C160))*24 -> 0 | G160: =F160-H160 -> 0 | H160: =(IF(AND(C160>=$O$3,C160<$P$3,E160>=$O$3,E160<$P$3),E160-C160,IF(AND(C160>=$O$3,C160<$P$3,E160>=$P$3,E160<$N$3),$P$3-C160,IF(AND(C160>=$P$3,C160<$N$3,E160>=$O$3,E160<$P$3),E160,IF(AND(C160>=$P$3,C160<$N$3,E160>=$P$3,E160<$N$3),"0","none")))))*24 -> 0
A161: =IF(B161="","",IF(A161="",NOW(),A161)) | F161: =(IF(E161-C161<0,"24:00"-C161+E161,E161-C161))*24 -> 0
A162: =IF(B162="","",IF(A162="",NOW(),A162)) | F162: =(IF(E162-C162<0,"24:00"-C162+E162,E162-C162))*24 -> 0
A163: =IF(B163="","",IF(A163="",NOW(),A163)) | F163: =(IF(E163-C163<0,"24:00"-C163+E163,E163-C163))*24 -> 0
A164: =IF(B164="","",IF(A164="",NOW(),A164)) | F164: =(IF(E164-C164<0,"24:00"-C164+E164,E164-C164))*24 -> 0
A165: =IF(B165="","",IF(A165="",NOW(),A165)) | F165: =(IF(E165-C165<0,"24:00"-C165+E165,E165-C165))*24 -> 0
A166: =IF(B166="","",IF(A166="",NOW(),A166)) | F166: =(IF(E166-C166<0,"24:00"-C166+E166,E166-C166))*24 -> 0
A167: =IF(B167="","",IF(A167="",NOW(),A167)) | F167: =(IF(E167-C167<0,"24:00"-C167+E167,E167-C167))*24 -> 0
A168: =IF(B168="","",IF(A168="",NOW(),A168)) | F168: =(IF(E168-C168<0,"24:00"-C168+E168,E168-C168))*24 -> 0
A169: =IF(B169="","",IF(A169="",NOW(),A169)) | F169: =(IF(E169-C169<0,"24:00"-C169+E169,E169-C169))*24 -> 0
A170: =IF(B170="","",IF(A170="",NOW(),A170)) | F170: =(IF(E170-C170<0,"24:00"-C170+E170,E170-C170))*24 -> 0
A171: =IF(B171="","",IF(A171="",NOW(),A171)) | F171: =(IF(E171-C171<0,"24:00"-C171+E171,E171-C171))*24 -> 0
A172: =IF(B172="","",IF(A172="",NOW(),A172)) | F172: =(IF(E172-C172<0,"24:00"-C172+E172,E172-C172))*24 -> 0
... A205: =IF(B205="","",IF(A205="",NOW(),A205)) | F205: =(IF(E205-C205<0,"24:00"-C205+E205,E205-C205))*24 -> 0
A206: =IF(B206="","",IF(A206="",NOW(),A206)) | F206: =IF(E206-C206<0,"24:00"-C206+E206,E206-C206) -> 0
A207: =IF(B207="","",IF(A207="",NOW(),A207)) | F207: =IF(E207-C207<0,"24:00"-C207+E207,E207-C207) -> 0
A208: =IF(B208="","",IF(A208="",NOW(),A208)) | F208: =IF(E208-C208<0,"24:00"-C208+E208,E208-C208) -> 0
A209: =IF(B209="","",IF(A209="",NOW(),A209)) | F209: =IF(E209-C209<0,"24:00"-C209+E209,E209-C209) -> 0
A210: =IF(B210="","",IF(A210="",NOW(),A210)) | F210: =IF(E210-C210<0,"24:00"-C210+E210,E210-C210) -> 0
A211: =IF(B211="","",IF(A211="",NOW(),A211)) | F211: =IF(E211-C211<0,"24:00"-C211+E211,E211-C211) -> 0
A212: =IF(B212="","",IF(A212="",NOW(),A212)) | F212: =IF(E212-C212<0,"24:00"-C212+E212,E212-C212) -> 0
A213: =IF(B213="","",IF(A213="",NOW(),A213)) | F213: =IF(E213-C213<0,"24:00"-C213+E213,E213-C213) -> 0
A214: =IF(B214="","",IF(A214="",NOW(),A214)) | F214: =IF(E214-C214<0,"24:00"-C214+E214,E214-C214) -> 0
A215: =IF(B215="","",IF(A215="",NOW(),A215)) | F215: =IF(E215-C215<0,"24:00"-C215+E215,E215-C215) -> 0
A216: =IF(B216="","",IF(A216="",NOW(),A216)) | F216: =IF(E216-C216<0,"24:00"-C216+E216,E216-C216) -> 0
A217: =IF(B217="","",IF(A217="",NOW(),A217)) | F217: =IF(E217-C217<0,"24:00"-C217+E217,E217-C217) -> 0
... A339: =IF(B339="","",IF(A339="",NOW(),A339)) | F339: =IF(E339-C339<0,"24:00"-C339+E339,E339-C339) -> 0

Sheet 李明
A1: 返回目录
A2: 日 期 | B2: 岗 位 | C2: 上岗时刻 | D2: 交接班 | E2: 离岗时刻 | F2: 时段工作小时 | G2: 白班小时 | H2: 夜班小时 (0200-0800) | I2: 统 计 | J2: 各席位总小时 | K2: 白班小时 | L2: 夜班小时 (0000-0800) | M2: 备注
A3: =IF(B3="","",IF(A3="",NOW(),A3)) -> 46205.015 | B3: 西塔台管制席 | C3: 0.015127315 | D3: 完成 | E3: 0.14481481 | F3: =(IF(E3-C3<0,"24:00"-C3+E3,E3-C3))*24 -> 3.1125 | G3: =F3-H3 -> 0 | H3: =(IF(AND(C3>=$O$3,C3<$P$3,E3>=$O$3,E3<$P$3),E3-C3,IF(AND(C3>=$O$3,C3<$P$3,E3>=$P$3,E3<$N$3),$P$3-C3,IF(AND(C3>=$P$3,C3<$N$3,E3>=$O$3,E3<$P$3),E3,IF(AND(C3>=$P$3,C3<$N$3,E3>=$P$3,E3<$N$3),"0","none")))))*24 -> 3.1125 | I3: 带班主任席执勤小时 | J3: =SUMIF(B:B,"带班主任",F:F) -> 0 | K3: =SUMIF(B:B,"带班主任",G:G) -> 0 | L3: =SUMIF(B:B,"带班主任",H:H) -> 0 | N3: 0.99998843 | O3: 0 | P3: 0.33333333
A4: =IF(B4="","",IF(A4="",NOW(),A4)) -> 46205.953 | B4: 东塔台协调席 | C4: 0.95346065 | D4: 完成 | E4: 0.12377315 | F4: =(IF(E4-C4<0,"24:00"-C4+E4,E4-C4))*24 -> 4.0875 | G4: =F4-H4 -> 1.1169444 | H4: =(IF(AND(C4>=$O$3,C4<$P$3,E4>=$O$3,E4<$P$3),E4-C4,IF(AND(C4>=$O$3,C4<$P$3,E4>=$P$3,E4<$N$3),$P$3-C4,IF(AND(C4>=$P$3,C4<$N$3,E4>=$O$3,E4<$P$3),E4,IF(AND(C4>=$P$3,C4<$N$3,E4>=$P$3,E4<$N$3),"0","none")))))*24 -> 2.9705556 | I4: 机场管制席执勤小时 | J4: =SUMIF(B:B,"西塔台管制席",F:F)+SUMIF(B:B,"东塔台管制席",F:F) -> 36.7925 | K4: =SUMIF(B:B,"西塔台管制席",G:G)+SUMIF(B:B,"东塔台管制席",G:G) -> 21.052778 | L4: =SUMIF(B:B,"西塔台管制席",H:H)+SUMIF(B:B,"东塔台管制席",H:H) -> 15.739722
A5: =IF(B5="","",IF(A5="",NOW(),A5)) -> 46208.5 | B5: 东塔台管制席 | C5: 0.50032407 | D5: 完成 | E5: 0.6390162 | F5: =(IF(E5-C5<0,"24:00"-C5+E5,E5-C5))*24 -> 3.3286111 | G5: =F5-H5 -> 3.3286111 | H5: =(IF(AND(C5>=$O$3,C5<$P$3,E5>=$O$3,E5<$P$3),E5-C5,IF(AND(C5>=$O$3,C5<$P$3,E5>=$P$3,E5<$N$3),$P$3-C5,IF(AND(C5>=$P$3,C5<$N$3,E5>=$O$3,E5<$P$3),E5,IF(AND(C5>=$P$3,C5<$N$3,E5>=$P$3,E5<$N$3),"0","none")))))*24 -> 0 | I5: 机场协调席执勤小时 | J5: =SUMIF(B:B,"西塔台协调席",F:F)+SUMIF(B:B,"东塔台协调席",F:F) -> 39.703889 | K5: =SUMIF(B:B,"西塔台协调席",G:G)+SUMIF(B:B,"东塔台协调席",G:G) -> 28.174444 | L5: =SUMIF(B:B,"西塔台协调席",H:H)+SUMIF(B:B,"东塔台协调席",H:H) -> 11.529444
A6: =IF(B6="","",IF(A6="",NOW(),A6)) -> 46208.751 | B6: 西塔台协调席 | C6: 0.75122685 | D6: 完成 | E6: 0.88101852 | F6: =(IF(E6-C6<0,"24:00"-C6+E6,E6-C6))*24 -> 3.115 | G6: =F6-H6 -> 3.115 | H6: =(IF(AND(C6>=$O$3,C6<$P$3,E6>=$O$3,E6<$P$3),E6-C6,IF(AND(C6>=$O$3,C6<$P$3,E6>=$P$3,E6<$N$3),$P$3-C6,IF(AND(C6>=$P$3,C6<$N$3,E6>=$O$3,E6<$P$3),E6,IF(AND(C6>=$P$3,C6<$N$3,E6>=$P$3,E6<$N$3),"0","none")))))*24 -> 0 | I6: 放行席执勤小时 | J6: =SUMIF(B:B,"放行席",F:F) -> 0 | K6: =SUMIF(B:B,"放行席",G:G) -> 0 | L6: =SUMIF(B:B,"放行席",H:H) -> 0
A7: =IF(B7="","",IF(A7="",NOW(),A7)) -> 46209.459 | B7: 东塔台管制席 | C7: 0.45913194 | D7: 完成 | E7: 0.55050926 | F7: =(IF(E7-C7<0,"24:00"-C7+E7,E7-C7))*24 -> 2.1930556 | G7: =F7-H7 -> 2.1930556 | H7: =(IF(AND(C7>=$O$3,C7<$P$3,E7>=$O$3,E7<$P$3),E7-C7,IF(AND(C7>=$O$3,C7<$P$3,E7>=$P$3,E7<$N$3),$P$3-C7,IF(AND(C7>=$P$3,C7<$N$3,E7>=$O$3,E7<$P$3),E7,IF(AND(C7>=$P$3,C7<$N$3,E7>=$P$3,E7<$N$3),"0","none")))))*24 -> 0 | I7: 地面席执勤小时 | J7: =SUMIF(B:B,"地面席",F:F) -> 4.1772222 | K7: =SUMIF(B:B,"地面席",G:G) -> 0 | L7: =SUMIF(B:B,"地面席",H:H) -> 4.1772222
A8: =IF(B8="","",IF(A8="",NOW(),A8)) -> 46209.625 | B8: 西塔台协调席 | C8: 0.62515046 | D8: 完成 | E8: 0.6253588 | F8: =(IF(E8-C8<0,"24:00"-C8+E8,E8-C8))*24 -> 0.005 | G8: =F8-H8 -> 0.005 | H8: =(IF(AND(C8>=$O$3,C8<$P$3,E8>=$O$3,E8<$P$3),E8-C8,IF(AND(C8>=$O$3,C8<$P$3,E8>=$P$3,E8<$N$3),$P$3-C8,IF(AND(C8>=$P$3,C8<$N$3,E8>=$O$3,E8<$P$3),E8,IF(AND(C8>=$P$3,C8<$N$3,E8>=$P$3,E8<$N$3),"0","none")))))*24 -> 0 | I8: 生产调度席执勤小时 | J8: =SUMIF(B:B,"生产调度席",F:F) -> 0 | K8: =SUMIF(B:B,"生产调度席",G:G) -> 0 | L8: =SUMIF(B:B,"生产调度席",H:H) -> 0
A9: =IF(B9="","",IF(A9="",NOW(),A9)) -> 46209.625 | B9: 西塔台管制席 | C9: 0.62540509 | D9: 完成 | E9: 0.75268519 | F9: =(IF(E9-C9<0,"24:00"-C9+E9,E9-C9))*24 -> 3.0547222 | G9: =F9-H9 -> 3.0547222 | H9: =(IF(AND(C9>=$O$3,C9<$P$3,E9>=$O$3,E9<$P$3),E9-C9,IF(AND(C9>=$O$3,C9<$P$3,E9>=$P$3,E9<$N$3),$P$3-C9,IF(AND(C9>=$P$3,C9<$N$3,E9>=$O$3,E9<$P$3),E9,IF(AND(C9>=$P$3,C9<$N$3,E9>=$P$3,E9<$N$3),"0","none")))))*24 -> 0 | I9: 航班调度席执勤小时 | J9: =SUMIF(B:B,"航班调度席",F:F) -> 13.668889 | K9: =SUMIF(B:B,"航班调度席",G:G) -> 13.668889 | L9: =SUMIF(B:B,"航班调度席",H:H) -> 0
A10: =IF(B10="","",IF(A10="",NOW(),A10)) -> 46209.834 | B10: 西塔台协调席 | C10: 0.83434028 | D10: 完成 | E10: 0.95751157 | F10: =(IF(E10-C10<0,"24:00"-C10+E10,E10-C10))*24 -> 2.9561111 | G10: =F10-H10 -> 2.9561111 | H10: =(IF(AND(C10>=$O$3,C10<$P$3,E10>=$O$3,E10<$P$3),E10-C10,IF(AND(C10>=$O$3,C10<$P$3,E10>=$P$3,E10<$N$3),$P$3-C10,IF(AND(C10>=$P$3,C10<$N$3,E10>=$O$3,E10<$P$3),E10,IF(AND(C10>=$P$3,C10<$N$3,E10>=$P$3,E10<$N$3),"0","none")))))*24 -> 0 | I10: 综合协调席小时 | J10: =SUMIF(B:B,"综合协调席",F:F) -> 0 | K10: =SUMIF(B:B,"综合协调席",G:G) -> 0 | L10: =SUMIF(B:B,"综合协调席",H:H) -> 0
A11: =IF(B11="","",IF(A11="",NOW(),A11)) -> 46210.3 | B11: 西塔台管制席 | C11: 0.29998843 | D11: 完成 | E11: 0.36594907 | F11: =(IF(E11-C11<0,"24:00"-C11+E11,E11-C11))*24 -> 1.5830556 | G11: =F11-H11 -> 0.78277778 | H11: =(IF(AND(C11>=$O$3,C11<$P$3,E11>=$O$3,E11<$P$3),E11-C11,IF(AND(C11>=$O$3,C11<$P$3,E11>=$P$3,E11<$N$3),$P$3-C11,IF(AND(C11>=$P$3,C11<$N$3,E11>=$O$3,E11<$P$3),E11,IF(AND(C11>=$P$3,C11<$N$3,E11>=$P$3,E11<$N$3),"0","none")))))*24 -> 0.80027778 | I11: 见习管制员小时 | J11: =SUMIF(B:B,"见习管制员",F:F) -> 0 | K11: =SUMIF(B:B,"见习管制员",G:G) -> 0 | L11: =SUMIF(B:B,"见习管制员",H:H) -> 0
A12: =IF(B12="","",IF(A12="",NOW(),A12)) -> 46212.376 | B12: 航班调度席 | C12: 0.3762037 | D12: 完成 | E12: 0.50815972 | F12: =(IF(E12-C12<0,"24:00"-C12+E12,E12-C12))*24 -> 3.1669444 | G12: =F12-H12 -> 3.1669444 | H12: =(IF(AND(C12>=$O$3,C12<$P$3,E12>=$O$3,E12<$P$3),E12-C12,IF(AND(C12>=$O$3,C12<$P$3,E12>=$P$3,E12<$N$3),$P$3-C12,IF(AND(C12>=$P$3,C12<$N$3,E12>=$O$3,E12<$P$3),E12,IF(AND(C12>=$P$3,C12<$N$3,E12>=$P$3,E12<$N$3),"0","none")))))*24 -> 0 | I12: 管制教员席小时 | J12: =SUMIF(B:B,"管制教员席",F:F) -> 0 | K12: =SUMIF(B:B,"管制教员席",G:G) -> 0 | L12: =SUMIF(B:B,"管制教员席",H:H) -> 0
A13: =IF(B13="","",IF(A13="",NOW(),A13)) -> 46212.586 | B13: 航班调度席 | C13: 0.58594907 | D13: 完成 | E13: 0.72363426 | F13: =(IF(E13-C13<0,"24:00"-C13+E13,E13-C13))*24 -> 3.3044444 | G13: =F13-H13 -> 3.3044444 | H13: =(IF(AND(C13>=$O$3,C13<$P$3,E13>=$O$3,E13<$P$3),E13-C13,IF(AND(C13>=$O$3,C13<$P$3,E13>=$P$3,E13<$N$3),$P$3-C13,IF(AND(C13>=$P$3,C13<$N$3,E13>=$O$3,E13<$P$3),E13,IF(AND(C13>=$P$3,C13<$N$3,E13>=$P$3,E13<$N$3),"0","none")))))*24 -> 0 | I13: 月度总小时统计
A14: =IF(B14="","",IF(A14="",NOW(),A14)) -> 46213.377 | B14: 航班调度席 | C14: 0.37686343 | D14: 完成 | E14: 0.51642361 | F14: =(IF(E14-C14<0,"24:00"-C14+E14,E14-C14))*24 -> 3.3494444 | G14: =F14-H14 -> 3.3494444 | H14: =(IF(AND(C14>=$O$3,C14<$P$3,E14>=$O$3,E14<$P$3),E14-C14,IF(AND(C14>=$O$3,C14<$P$3,E14>=$P$3,E14<$N$3),$P$3-C14,IF(AND(C14>=$P$3,C14<$N$3,E14>=$O$3,E14<$P$3),E14,IF(AND(C14>=$P$3,C14<$N$3,E14>=$P$3,E14<$N$3),"0","none")))))*24 -> 0
A15: =IF(B15="","",IF(A15="",NOW(),A15)) -> 46213.594 | B15: 航班调度席 | C15: 0.59421296 | D15: 完成 | E15: 0.75454861 | F15: =(IF(E15-C15<0,"24:00"-C15+E15,E15-C15))*24 -> 3.8480556 | G15: =F15-H15 -> 3.8480556 | H15: =(IF(AND(C15>=$O$3,C15<$P$3,E15>=$O$3,E15<$P$3),E15-C15,IF(AND(C15>=$O$3,C15<$P$3,E15>=$P$3,E15<$N$3),$P$3-C15,IF(AND(C15>=$P$3,C15<$N$3,E15>=$O$3,E15<$P$3),E15,IF(AND(C15>=$P$3,C15<$N$3,E15>=$P$3,E15<$N$3),"0","none")))))*24 -> 0 | I15: 统计 | J15: 各席位总小时 | K15: 白班小时 | L15: 夜班小时 (0000-0800) | M15: 备注
A16: =IF(B16="","",IF(A16="",NOW(),A16)) -> 46214.014 | B16: 东塔台协调席 | C16: 0.013703704 | D16: 完成 | E16: 0.12172454 | F16: =(IF(E16-C16<0,"24:00"-C16+E16,E16-C16))*24 -> 2.5925 | G16: =F16-H16 -> 0 | H16: =(IF(AND(C16>=$O$3,C16<$P$3,E16>=$O$3,E16<$P$3),E16-C16,IF(AND(C16>=$O$3,C16<$P$3,E16>=$P$3,E16<$N$3),$P$3-C16,IF(AND(C16>=$P$3,C16<$N$3,E16>=$O$3,E16<$P$3),E16,IF(AND(C16>=$P$3,C16<$N$3,E16>=$P$3,E16<$N$3),"0","none")))))*24 -> 2.5925 | I16: 带班主任席执勤小时 | J16: =J3 -> 0 | K16: =K3 -> 0 | L16: =L3 -> 0
A17: =IF(B17="","",IF(A17="",NOW(),A17)) -> 46217.141 | B17: 地面席 | C17: 0.140625 | D17: 完成 | E17: 0.22471065 | F17: =(IF(E17-C17<0,"24:00"-C17+E17,E17-C17))*24 -> 2.0180556 | G17: =F17-H17 -> 0 | H17: =(IF(AND(C17>=$O$3,C17<$P$3,E17>=$O$3,E17<$P$3),E17-C17,IF(AND(C17>=$O$3,C17<$P$3,E17>=$P$3,E17<$N$3),$P$3-C17,IF(AND(C17>=$P$3,C17<$N$3,E17>=$O$3,E17<$P$3),E17,IF(AND(C17>=$P$3,C17<$N$3,E17>=$P$3,E17<$N$3),"0","none")))))*24 -> 2.0180556 | I17: 席位执勤小时 | J17: =J4+J5+J6+J7+J10 -> 80.673611 | K17: =K4+K5+K6+K7+K10 -> 49.227222 | L17: =L4+L5+L6+L7+L10 -> 31.446389
A18: =IF(B18="","",IF(A18="",NOW(),A18)) -> 46218.14 | B18: 地面席 | C18: 0.14032407 | D18: 完成 | E18: 0.23028935 | F18: =(IF(E18-C18<0,"24:00"-C18+E18,E18-C18))*24 -> 2.1591667 | G18: =F18-H18 -> 0 | H18: =(IF(AND(C18>=$O$3,C18<$P$3,E18>=$O$3,E18<$P$3),E18-C18,IF(AND(C18>=$O$3,C18<$P$3,E18>=$P$3,E18<$N$3),$P$3-C18,IF(AND(C18>=$P$3,C18<$N$3,E18>=$O$3,E18<$P$3),E18,IF(AND(C18>=$P$3,C18<$N$3,E18>=$P$3,E18<$N$3),"0","none")))))*24 -> 2.1591667 | I18: 见习管制员小时 | J18: =J11 -> 0 | K18: =K11 -> 0 | L18: =L11 -> 0
A19: =IF(B19="","",IF(A19="",NOW(),A19)) -> 46220.501 | B19: 东塔台协调席 | C19: 0.50127315 | D19: 完成 | E19: 0.63037037 | F19: =(IF(E19-C19<0,"24:00"-C19+E19,E19-C19))*24 -> 3.0983333 | G19: =F19-H19 -> 3.0983333 | H19: =(IF(AND(C19>=$O$3,C19<$P$3,E19>=$O$3,E19<$P$3),E19-C19,IF(AND(C19>=$O$3,C19<$P$3,E19>=$P$3,E19<$N$3),$P$3-C19,IF(AND(C19>=$P$3,C19<$N$3,E19>=$O$3,E19<$P$3),E19,IF(AND(C19>=$P$3,C19<$N$3,E19>=$P$3,E19<$N$3),"0","none")))))*24 -> 0 | I19: 管制教员小时 | J19: =J12 -> 0 | K19: =K12 -> 0 | L19: =L12 -> 0
A20: =IF(B20="","",IF(A20="",NOW(),A20)) -> 46220.752 | B20: 东塔台管制席 | C20: 0.75194444 | D20: 完成 | E20: 0.87988426 | F20: =(IF(E20-C20<0,"24:00"-C20+E20,E20-C20))*24 -> 3.0705556 | G20: =F20-H20 -> 3.0705556 | H20: =(IF(AND(C20>=$O$3,C20<$P$3,E20>=$O$3,E20<$P$3),E20-C20,IF(AND(C20>=$O$3,C20<$P$3,E20>=$P$3,E20<$N$3),$P$3-C20,IF(AND(C20>=$P$3,C20<$N$3,E20>=$O$3,E20<$P$3),E20,IF(AND(C20>=$P$3,C20<$N$3,E20>=$P$3,E20<$N$3),"0","none")))))*24 -> 0 | I20: 月度总小时 | J20: =J16+J17+J18+J19 -> 80.673611
A21: =IF(B21="","",IF(A21="",NOW(),A21)) -> 46221.418 | B21: 东塔台协调席 | C21: 0.41797454 | D21: 完成 | E21: 0.511875 | F21: =(IF(E21-C21<0,"24:00"-C21+E21,E21-C21))*24 -> 2.2536111 | G21: =F21-H21 -> 2.2536111 | H21: =(IF(AND(C21>=$O$3,C21<$P$3,E21>=$O$3,E21<$P$3),E21-C21,IF(AND(C21>=$O$3,C21<$P$3,E21>=$P$3,E21<$N$3),$P$3-C21,IF(AND(C21>=$P$3,C21<$N$3,E21>=$O$3,E21<$P$3),E21,IF(AND(C21>=$P$3,C21<$N$3,E21>=$P$3,E21<$N$3),"0","none")))))*24 -> 0 | I21: 调度席 | J21: =SUM(J8:J9) -> 13.668889 | K21: =SUM(K8:K9) -> 13.668889 | L21: =SUM(L8:L9) -> 0
A22: =IF(B22="","",IF(A22="",NOW(),A22)) -> 46221.627 | B22: 东塔台管制席 | C22: 0.62663194 | D22: 完成 | E22: 0.75747685 | F22: =(IF(E22-C22<0,"24:00"-C22+E22,E22-C22))*24 -> 3.1402778 | G22: =F22-H22 -> 3.1402778 | H22: =(IF(AND(C22>=$O$3,C22<$P$3,E22>=$O$3,E22<$P$3),E22-C22,IF(AND(C22>=$O$3,C22<$P$3,E22>=$P$3,E22<$N$3),$P$3-C22,IF(AND(C22>=$P$3,C22<$N$3,E22>=$O$3,E22<$P$3),E22,IF(AND(C22>=$P$3,C22<$N$3,E22>=$P$3,E22<$N$3),"0","none")))))*24 -> 0
A23: =IF(B23="","",IF(A23="",NOW(),A23)) -> 46221.835 | B23: 东塔台协调席 | C23: 0.83539352 | D23: 完成 | E23: 0.95766204 | F23: =(IF(E23-C23<0,"24:00"-C23+E23,E23-C23))*24 -> 2.9344444 | G23: =F23-H23 -> 2.9344444 | H23: =(IF(AND(C23>=$O$3,C23<$P$3,E23>=$O$3,E23<$P$3),E23-C23,IF(AND(C23>=$O$3,C23<$P$3,E23>=$P$3,E23<$N$3),$P$3-C23,IF(AND(C23>=$P$3,C23<$N$3,E23>=$O$3,E23<$P$3),E23,IF(AND(C23>=$P$3,C23<$N$3,E23>=$P$3,E23<$N$3),"0","none")))))*24 -> 0
A24: =IF(B24="","",IF(A24="",NOW(),A24)) -> 46222.3 | B24: 东塔台管制席 | C24: 0.30013889 | D24: 完成 | E24: 0.36282407 | F24: =(IF(E24-C24<0,"24:00"-C24+E24,E24-C24))*24 -> 1.5044444 | G24: =F24-H24 -> 0.70777778 | H24: =(IF(AND(C24>=$O$3,C24<$P$3,E24>=$O$3,E24<$P$3),E24-C24,IF(AND(C24>=$O$3,C24<$P$3,E24>=$P$3,E24<$N$3),$P$3-C24,IF(AND(C24>=$P$3,C24<$N$3,E24>=$O$3,E24<$P$3),E24,IF(AND(C24>=$P$3,C24<$N$3,E24>=$P$3,E24<$N$3),"0","none")))))*24 -> 0.79666667
A25: =IF(B25="","",IF(A25="",NOW(),A25)) -> 46224.953 | B25: 西塔台协调席 | C25: 0.95278935 | D25: 完成 | E25: 0.095474537 | F25: =(IF(E25-C25<0,"24:00"-C25+E25,E25-C25))*24 -> 3.4244444 | G25: =F25-H25 -> 1.1330556 | H25: =(IF(AND(C25>=$O$3,C25<$P$3,E25>=$O$3,E25<$P$3),E25-C25,IF(AND(C25>=$O$3,C25<$P$3,E25>=$P$3,E25<$N$3),$P$3-C25,IF(AND(C25>=$P$3,C25<$N$3,E25>=$O$3,E25<$P$3),E25,IF(AND(C25>=$P$3,C25<$N$3,E25>=$P$3,E25<$N$3),"0","none")))))*24 -> 2.2913889
A26: =IF(B26="","",IF(A26="",NOW(),A26)) -> 46225.096 | B26: 西塔台管制席 | C26: 0.095509259 | D26: 完成 | E26: 0.14409722 | F26: =(IF(E26-C26<0,"24:00"-C26+E26,E26-C26))*24 -> 1.1661111 | G26: =F26-H26 -> 0 | H26: =(IF(AND(C26>=$O$3,C26<$P$3,E26>=$O$3,E26<$P$3),E26-C26,IF(AND(C26>=$O$3,C26<$P$3,E26>=$P$3,E26<$N$3),$P$3-C26,IF(AND(C26>=$P$3,C26<$N$3,E26>=$O$3,E26<$P$3),E26,IF(AND(C26>=$P$3,C26<$N$3,E26>=$P$3,E26<$N$3),"0","none")))))*24 -> 1.1661111
A27: =IF(B27="","",IF(A27="",NOW(),A27)) -> 46226.015 | B27: 西塔台管制席 | C27: 0.014988426 | D27: 完成 | E27: 0.14608796 | F27: =(IF(E27-C27<0,"24:00"-C27+E27,E27-C27))*24 -> 3.1463889 | G27: =F27-H27 -> 0 | H27: =(IF(AND(C27>=$O$3,C27<$P$3,E27>=$O$3,E27<$P$3),E27-C27,IF(AND(C27>=$O$3,C27<$P$3,E27>=$P$3,E27<$N$3),$P$3-C27,IF(AND(C27>=$P$3,C27<$N$3,E27>=$O$3,E27<$P$3),E27,IF(AND(C27>=$P$3,C27<$N$3,E27>=$P$3,E27<$N$3),"0","none")))))*24 -> 3.1463889
A28: =IF(B28="","",IF(A28="",NOW(),A28)) -> 46228.962 | B28: 西塔台管制席 | C28: 0.96239583 | D28: 完成 | E28: 0.14729167 | F28: =(IF(E28-C28<0,"24:00"-C28+E28,E28-C28))*24 -> 4.4375 | G28: =F28-H28 -> 0.9025 | H28: =(IF(AND(C28>=$O$3,C28<$P$3,E28>=$O$3,E28<$P$3),E28-C28,IF(AND(C28>=$O$3,C28<$P$3,E28>=$P$3,E28<$N$3),$P$3-C28,IF(AND(C28>=$P$3,C28<$N$3,E28>=$O$3,E28<$P$3),E28,IF(AND(C28>=$P$3,C28<$N$3,E28>=$P$3,E28<$N$3),"0","none")))))*24 -> 3.535
A29: =IF(B29="","",IF(A29="",NOW(),A29)) -> 46230.141 | B29: 西塔台管制席 | C29: 0.14060185 | D29: 完成 | E29: 0.24068287 | F29: =(IF(E29-C29<0,"24:00"-C29+E29,E29-C29))*24 -> 2.4019444 | G29: =F29-H29 -> 0 | H29: =(IF(AND(C29>=$O$3,C29<$P$3,E29>=$O$3,E29<$P$3),E29-C29,IF(AND(C29>=$O$3,C29<$P$3,E29>=$P$3,E29<$N$3),$P$3-C29,IF(AND(C29>=$P$3,C29<$N$3,E29>=$O$3,E29<$P$3),E29,IF(AND(C29>=$P$3,C29<$N$3,E29>=$P$3,E29<$N$3),"0","none")))))*24 -> 2.4019444
A30: =IF(B30="","",IF(A30="",NOW(),A30)) -> 46230.241 | B30: 东塔台协调席 | C30: 0.24071759 | D30: 完成 | E30: 0.24081019 | F30: =(IF(E30-C30<0,"24:00"-C30+E30,E30-C30))*24 -> 0.0022222222 | G30: =F30-H30 -> 0 | H30: =(IF(AND(C30>=$O$3,C30<$P$3,E30>=$O$3,E30<$P$3),E30-C30,IF(AND(C30>=$O$3,C30<$P$3,E30>=$P$3,E30<$N$3),$P$3-C30,IF(AND(C30>=$P$3,C30<$N$3,E30>=$O$3,E30<$P$3),E30,IF(AND(C30>=$P$3,C30<$N$3,E30>=$P$3,E30<$N$3),"0","none")))))*24 -> 0.0022222222
A31: =IF(B31="","",IF(A31="",NOW(),A31)) -> 46230.241 | B31: 东塔台协调席 | C31: 0.24092593 | D31: 完成 | E31: 0.305625 | F31: =(IF(E31-C31<0,"24:00"-C31+E31,E31-C31))*24 -> 1.5527778 | G31: =F31-H31 -> 0 | H31: =(IF(AND(C31>=$O$3,C31<$P$3,E31>=$O$3,E31<$P$3),E31-C31,IF(AND(C31>=$O$3,C31<$P$3,E31>=$P$3,E31<$N$3),$P$3-C31,IF(AND(C31>=$P$3,C31<$N$3,E31>=$O$3,E31<$P$3),E31,IF(AND(C31>=$P$3,C31<$N$3,E31>=$P$3,E31<$N$3),"0","none")))))*24 -> 1.5527778
A32: =IF(B32="","",IF(A32="",NOW(),A32)) -> 46232.502 | B32: 西塔台协调席 | C32: 0.50193287 | D32: 完成 | E32: 0.63261574 | F32: =(IF(E32-C32<0,"24:00"-C32+E32,E32-C32))*24 -> 3.1363889 | G32: =F32-H32 -> 3.1363889 | H32: =(IF(AND(C32>=$O$3,C32<$P$3,E32>=$O$3,E32<$P$3),E32-C32,IF(AND(C32>=$O$3,C32<$P$3,E32>=$P$3,E32<$N$3),$P$3-C32,IF(AND(C32>=$P$3,C32<$N$3,E32>=$O$3,E32<$P$3),E32,IF(AND(C32>=$P$3,C32<$N$3,E32>=$P$3,E32<$N$3),"0","none")))))*24 -> 0
A33: =IF(B33="","",IF(A33="",NOW(),A33)) -> 46232.751 | B33: 西塔台管制席 | C33: 0.75144676 | D33: 完成 | E33: 0.88228009 | F33: =(IF(E33-C33<0,"24:00"-C33+E33,E33-C33))*24 -> 3.14 | G33: =F33-H33 -> 3.14 | H33: =(IF(AND(C33>=$O$3,C33<$P$3,E33>=$O$3,E33<$P$3),E33-C33,IF(AND(C33>=$O$3,C33<$P$3,E33>=$P$3,E33<$N$3),$P$3-C33,IF(AND(C33>=$P$3,C33<$N$3,E33>=$O$3,E33<$P$3),E33,IF(AND(C33>=$P$3,C33<$N$3,E33>=$P$3,E33<$N$3),"0","none")))))*24 -> 0
... A40: =IF(B40="","",IF(A40="",NOW(),A40)) -> 46234.302 | B40: 东塔台管制席 | C40: 0.301875 | D40: 完成 | E40: 0.36385417 | F40: =(IF(E40-C40<0,"24:00"-C40+E40,E40-C40))*24 -> 1.4875 | G40: =F40-H40 -> 0.7325 | H40: =(IF(AND(C40>=$O$3,C40<$P$3,E40>=$O$3,E40<$P$3),E40-C40,IF(AND(C40>=$O$3,C40<$P$3,E40>=$P$3,E40<$N$3),$P$3-C40,IF(AND(C40>=$P$3,C40<$N$3,E40>=$O$3,E40<$P$3),E40,IF(AND(C40>=$P$3,C40<$N$3,E40>=$P$3,E40<$N$3),"0","none")))))*24 -> 0.755
A41: =IF(B41="","",IF(A41="",NOW(),A41)) | F41: =(IF(E41-C41<0,"24:00"-C41+E41,E41-C41))*24 -> 0 | G41: =F41-H41 -> 0 | H41: =(IF(AND(C41>=$O$3,C41<$P$3,E41>=$O$3,E41<$P$3),E41-C41,IF(AND(C41>=$O$3,C41<$P$3,E41>=$P$3,E41<$N$3),$P$3-C41,IF(AND(C41>=$P$3,C41<$N$3,E41>=$O$3,E41<$P$3),E41,IF(AND(C41>=$P$3,C41<$N$3,E41>=$P$3,E41<$N$3),"0","none")))))*24 -> 0
A42: =IF(B42="","",IF(A42="",NOW(),A42)) | F42: =(IF(E42-C42<0,"24:00"-C42+E42,E42-C42))*24 -> 0 | G42: =F42-H42 -> 0 | H42: =(IF(AND(C42>=$O$3,C42<$P$3,E42>=$O$3,E42<$P$3),E42-C42,IF(AND(C42>=$O$3,C42<$P$3,E42>=$P$3,E42<$N$3),$P$3-C42,IF(AND(C42>=$P$3,C42<$N$3,E42>=$O$3,E42<$P$3),E42,IF(AND(C42>=$P$3,C42<$N$3,E42>=$P$3,E42<$N$3),"0","none")))))*24 -> 0
A43: =IF(B43="","",IF(A43="",NOW(),A43)) | F43: =(IF(E43-C43<0,"24:00"-C43+E43,E43-C43))*24 -> 0 | G43: =F43-H43 -> 0 | H43: =(IF(AND(C43>=$O$3,C43<$P$3,E43>=$O$3,E43<$P$3),E43-C43,IF(AND(C43>=$O$3,C43<$P$3,E43>=$P$3,E43<$N$3),$P$3-C43,IF(AND(C43>=$P$3,C43<$N$3,E43>=$O$3,E43<$P$3),E43,IF(AND(C43>=$P$3,C43<$N$3,E43>=$P$3,E43<$N$3),"0","none")))))*24 -> 0
A44: =IF(B44="","",IF(A44="",NOW(),A44)) | F44: =(IF(E44-C44<0,"24:00"-C44+E44,E44-C44))*24 -> 0 | G44: =F44-H44 -> 0 | H44: =(IF(AND(C44>=$O$3,C44<$P$3,E44>=$O$3,E44<$P$3),E44-C44,IF(AND(C44>=$O$3,C44<$P$3,E44>=$P$3,E44<$N$3),$P$3-C44,IF(AND(C44>=$P$3,C44<$N$3,E44>=$O$3,E44<$P$3),E44,IF(AND(C44>=$P$3,C44<$N$3,E44>=$P$3,E44<$N$3),"0","none")))))*24 -> 0
A45: =IF(B45="","",IF(A45="",NOW(),A45)) | F45: =(IF(E45-C45<0,"24:00"-C45+E45,E45-C45))*24 -> 0 | G45: =F45-H45 -> 0 | H45: =(IF(AND(C45>=$O$3,C45<$P$3,E45>=$O$3,E45<$P$3),E45-C45,IF(AND(C45>=$O$3,C45<$P$3,E45>=$P$3,E45<$N$3),$P$3-C45,IF(AND(C45>=$P$3,C45<$N$3,E45>=$O$3,E45<$P$3),E45,IF(AND(C45>=$P$3,C45<$N$3,E45>=$P$3,E45<$N$3),"0","none")))))*24 -> 0
A46: =IF(B46="","",IF(A46="",NOW(),A46)) | F46: =(IF(E46-C46<0,"24:00"-C46+E46,E46-C46))*24 -> 0 | G46: =F46-H46 -> 0 | H46: =(IF(AND(C46>=$O$3,C46<$P$3,E46>=$O$3,E46<$P$3),E46-C46,IF(AND(C46>=$O$3,C46<$P$3,E46>=$P$3,E46<$N$3),$P$3-C46,IF(AND(C46>=$P$3,C46<$N$3,E46>=$O$3,E46<$P$3),E46,IF(AND(C46>=$P$3,C46<$N$3,E46>=$P$3,E46<$N$3),"0","none")))))*24 -> 0
A47: =IF(B47="","",IF(A47="",NOW(),A47)) | F47: =(IF(E47-C47<0,"24:00"-C47+E47,E47-C47))*24 -> 0 | G47: =F47-H47 -> 0 | H47: =(IF(AND(C47>=$O$3,C47<$P$3,E47>=$O$3,E47<$P$3),E47-C47,IF(AND(C47>=$O$3,C47<$P$3,E47>=$P$3,E47<$N$3),$P$3-C47,IF(AND(C47>=$P$3,C47<$N$3,E47>=$O$3,E47<$P$3),E47,IF(AND(C47>=$P$3,C47<$N$3,E47>=$P$3,E47<$N$3),"0","none")))))*24 -> 0
A48: =IF(B48="","",IF(A48="",NOW(),A48)) | F48: =(IF(E48-C48<0,"24:00"-C48+E48,E48-C48))*24 -> 0 | G48: =F48-H48 -> 0 | H48: =(IF(AND(C48>=$O$3,C48<$P$3,E48>=$O$3,E48<$P$3),E48-C48,IF(AND(C48>=$O$3,C48<$P$3,E48>=$P$3,E48<$N$3),$P$3-C48,IF(AND(C48>=$P$3,C48<$N$3,E48>=$O$3,E48<$P$3),E48,IF(AND(C48>=$P$3,C48<$N$3,E48>=$P$3,E48<$N$3),"0","none")))))*24 -> 0
A49: =IF(B49="","",IF(A49="",NOW(),A49)) | F49: =(IF(E49-C49<0,"24:00"-C49+E49,E49-C49))*24 -> 0 | G49: =F49-H49 -> 0 | H49: =(IF(AND(C49>=$O$3,C49<$P$3,E49>=$O$3,E49<$P$3),E49-C49,IF(AND(C49>=$O$3,C49<$P$3,E49>=$P$3,E49<$N$3),$P$3-C49,IF(AND(C49>=$P$3,C49<$N$3,E49>=$O$3,E49<$P$3),E49,IF(AND(C49>=$P$3,C49<$N$3,E49>=$P$3,E49<$N$3),"0","none")))))*24 -> 0
A50: =IF(B50="","",IF(A50="",NOW(),A50)) | F50: =(IF(E50-C50<0,"24:00"-C50+E50,E50-C50))*24 -> 0 | G50: =F50-H50 -> 0 | H50: =(IF(AND(C50>=$O$3,C50<$P$3,E50>=$O$3,E50<$P$3),E50-C50,IF(AND(C50>=$O$3,C50<$P$3,E50>=$P$3,E50<$N$3),$P$3-C50,IF(AND(C50>=$P$3,C50<$N$3,E50>=$O$3,E50<$P$3),E50,IF(AND(C50>=$P$3,C50<$N$3,E50>=$P$3,E50<$N$3),"0","none")))))*24 -> 0
A51: =IF(B51="","",IF(A51="",NOW(),A51)) | F51: =(IF(E51-C51<0,"24:00"-C51+E51,E51-C51))*24 -> 0 | G51: =F51-H51 -> 0 | H51: =(IF(AND(C51>=$O$3,C51<$P$3,E51>=$O$3,E51<$P$3),E51-C51,IF(AND(C51>=$O$3,C51<$P$3,E51>=$P$3,E51<$N$3),$P$3-C51,IF(AND(C51>=$P$3,C51<$N$3,E51>=$O$3,E51<$P$3),E51,IF(AND(C51>=$P$3,C51<$N$3,E51>=$P$3,E51<$N$3),"0","none")))))*24 -> 0
A52: =IF(B52="","",IF(A52="",NOW(),A52)) | F52: =(IF(E52-C52<0,"24:00"-C52+E52,E52-C52))*24 -> 0 | G52: =F52-H52 -> 0 | H52: =(IF(AND(C52>=$O$3,C52<$P$3,E52>=$O$3,E52<$P$3),E52-C52,IF(AND(C52>=$O$3,C52<$P$3,E52>=$P$3,E52<$N$3),$P$3-C52,IF(AND(C52>=$P$3,C52<$N$3,E52>=$O$3,E52<$P$3),E52,IF(AND(C52>=$P$3,C52<$N$3,E52>=$P$3,E52<$N$3),"0","none")))))*24 -> 0
... A160: =IF(B160="","",IF(A160="",NOW(),A160)) | F160: =(IF(E160-C160<0,"24:00"-C160+E160,E160-C160))*24 -> 0 | G160: =F160-H160 -> 0 | H160: =(IF(AND(C160>=$O$3,C160<$P$3,E160>=$O$3,E160<$P$3),E160-C160,IF(AND(C160>=$O$3,C160<$P$3,E160>=$P$3,E160<$N$3),$P$3-C160,IF(AND(C160>=$P$3,C160<$N$3,E160>=$O$3,E160<$P$3),E160,IF(AND(C160>=$P$3,C160<$N$3,E160>=$P$3,E160<$N$3),"0","none")))))*24 -> 0
A161: =IF(B161="","",IF(A161="",NOW(),A161)) | F161: =(IF(E161-C161<0,"24:00"-C161+E161,E161-C161))*24 -> 0
A162: =IF(B162="","",IF(A162="",NOW(),A162)) | F162: =(IF(E162-C162<0,"24:00"-C162+E162,E162-C162))*24 -> 0
A163: =IF(B163="","",IF(A163="",NOW(),A163)) | F163: =(IF(E163-C163<0,"24:00"-C163+E163,E163-C163))*24 -> 0
A164: =IF(B164="","",IF(A164="",NOW(),A164)) | F164: =(IF(E164-C164<0,"24:00"-C164+E164,E164-C164))*24 -> 0
A165: =IF(B165="","",IF(A165="",NOW(),A165)) | F165: =(IF(E165-C165<0,"24:00"-C165+E165,E165-C165))*24 -> 0
A166: =IF(B166="","",IF(A166="",NOW(),A166)) | F166: =(IF(E166-C166<0,"24:00"-C166+E166,E166-C166))*24 -> 0
A167: =IF(B167="","",IF(A167="",NOW(),A167)) | F167: =(IF(E167-C167<0,"24:00"-C167+E167,E167-C167))*24 -> 0
A168: =IF(B168="","",IF(A168="",NOW(),A168)) | F168: =(IF(E168-C168<0,"24:00"-C168+E168,E168-C168))*24 -> 0
A169: =IF(B169="","",IF(A169="",NOW(),A169)) | F169: =(IF(E169-C169<0,"24:00"-C169+E169,E169-C169))*24 -> 0
A170: =IF(B170="","",IF(A170="",NOW(),A170)) | F170: =(IF(E170-C170<0,"24:00"-C170+E170,E170-C170))*24 -> 0
A171: =IF(B171="","",IF(A171="",NOW(),A171)) | F171: =(IF(E171-C171<0,"24:00"-C171+E171,E171-C171))*24 -> 0
A172: =IF(B172="","",IF(A172="",NOW(),A172)) | F172: =(IF(E172-C172<0,"24:00"-C172+E172,E172-C172))*24 -> 0
... A205: =IF(B205="","",IF(A205="",NOW(),A205)) | F205: =(IF(E205-C205<0,"24:00"-C205+E205,E205-C205))*24 -> 0
A206: =IF(B206="","",IF(A206="",NOW(),A206)) | F206: =IF(E206-C206<0,"24:00"-C206+E206,E206-C206) -> 0
A207: =IF(B207="","",IF(A207="",NOW(),A207)) | F207: =IF(E207-C207<0,"24:00"-C207+E207,E207-C207) -> 0
A208: =IF(B208="","",IF(A208="",NOW(),A208)) | F208: =IF(E208-C208<0,"24:00"-C208+E208,E208-C208) -> 0
A209: =IF(B209="","",IF(A209="",NOW(),A209)) | F209: =IF(E209-C209<0,"24:00"-C209+E209,E209-C209) -> 0
A210: =IF(B210="","",IF(A210="",NOW(),A210)) | F210: =IF(E210-C210<0,"24:00"-C210+E210,E210-C210) -> 0
A211: =IF(B211="","",IF(A211="",NOW(),A211)) | F211: =IF(E211-C211<0,"24:00"-C211+E211,E211-C211) -> 0
A212: =IF(B212="","",IF(A212="",NOW(),A212)) | F212: =IF(E212-C212<0,"24:00"-C212+E212,E212-C212) -> 0
A213: =IF(B213="","",IF(A213="",NOW(),A213)) | F213: =IF(E213-C213<0,"24:00"-C213+E213,E213-C213) -> 0
A214: =IF(B214="","",IF(A214="",NOW(),A214)) | F214: =IF(E214-C214<0,"24:00"-C214+E214,E214-C214) -> 0
A215: =IF(B215="","",IF(A215="",NOW(),A215)) | F215: =IF(E215-C215<0,"24:00"-C215+E215,E215-C215) -> 0
A216: =IF(B216="","",IF(A216="",NOW(),A216)) | F216: =IF(E216-C216<0,"24:00"-C216+E216,E216-C216) -> 0
A217: =IF(B217="","",IF(A217="",NOW(),A217)) | F217: =IF(E217-C217<0,"24:00"-C217+E217,E217-C217) -> 0
... A339: =IF(B339="","",IF(A339="",NOW(),A339)) | F339: =IF(E339-C339<0,"24:00"-C339+E339,E339-C339) -> 0

Sheet 张虎
A1: 返回目录
A2: 日 期 | B2: 岗 位 | C2: 上岗时刻 | D2: 交接班 | E2: 离岗时刻 | F2: 时段工作小时 | G2: 白班小时 | H2: 夜班小时 (0200-0800) | I2: 统 计 | J2: 各席位总小时 | K2: 白班小时 | L2: 夜班小时 (0000-0800) | M2: 备注
A3: =IF(B3="","",IF(A3="",NOW(),A3)) -> 46205.141 | B3: 东塔台管制席 | C3: 0.14079861 | D3: 完成 | E3: 0.3053125 | F3: =(IF(E3-C3<0,"24:00"-C3+E3,E3-C3))*24 -> 3.9483333 | G3: =F3-H3 -> 0 | H3: =(IF(AND(C3>=$O$3,C3<$P$3,E3>=$O$3,E3<$P$3),E3-C3,IF(AND(C3>=$O$3,C3<$P$3,E3>=$P$3,E3<$N$3),$P$3-C3,IF(AND(C3>=$P$3,C3<$N$3,E3>=$O$3,E3<$P$3),E3,IF(AND(C3>=$P$3,C3<$N$3,E3>=$P$3,E3<$N$3),"0","none")))))*24 -> 3.9483333 | I3: 带班主任席执勤小时 | J3: =SUMIF(B:B,"带班主任",F:F) -> 0 | K3: =SUMIF(B:B,"带班主任",G:G) -> 0 | L3: =SUMIF(B:B,"带班主任",H:H) -> 0 | N3: 0.99998843 | O3: 0 | P3: 0.33333333
A4: =IF(B4="","",IF(A4="",NOW(),A4)) -> 46206.142 | B4: 地面席 | C4: 0.14152778 | D4: 完成 | E4: 0.23726852 | F4: =(IF(E4-C4<0,"24:00"-C4+E4,E4-C4))*24 -> 2.2977778 | G4: =F4-H4 -> 0 | H4: =(IF(AND(C4>=$O$3,C4<$P$3,E4>=$O$3,E4<$P$3),E4-C4,IF(AND(C4>=$O$3,C4<$P$3,E4>=$P$3,E4<$N$3),$P$3-C4,IF(AND(C4>=$P$3,C4<$N$3,E4>=$O$3,E4<$P$3),E4,IF(AND(C4>=$P$3,C4<$N$3,E4>=$P$3,E4<$N$3),"0","none")))))*24 -> 2.2977778 | I4: 机场管制席执勤小时 | J4: =SUMIF(B:B,"西塔台管制席",F:F)+SUMIF(B:B,"东塔台管制席",F:F) -> 23.523611 | K4: =SUMIF(B:B,"西塔台管制席",G:G)+SUMIF(B:B,"东塔台管制席",G:G) -> 11.064444 | L4: =SUMIF(B:B,"西塔台管制席",H:H)+SUMIF(B:B,"东塔台管制席",H:H) -> 12.459167
A5: =IF(B5="","",IF(A5="",NOW(),A5)) -> 46217.134 | B5: 放行席 | C5: 0.13388889 | D5: 完成 | E5: 0.22452546 | F5: =(IF(E5-C5<0,"24:00"-C5+E5,E5-C5))*24 -> 2.1752778 | G5: =F5-H5 -> 0 | H5: =(IF(AND(C5>=$O$3,C5<$P$3,E5>=$O$3,E5<$P$3),E5-C5,IF(AND(C5>=$O$3,C5<$P$3,E5>=$P$3,E5<$N$3),$P$3-C5,IF(AND(C5>=$P$3,C5<$N$3,E5>=$O$3,E5<$P$3),E5,IF(AND(C5>=$P$3,C5<$N$3,E5>=$P$3,E5<$N$3),"0","none")))))*24 -> 2.1752778 | I5: 机场协调席执勤小时 | J5: =SUMIF(B:B,"西塔台协调席",F:F)+SUMIF(B:B,"东塔台协调席",F:F) -> 19.833889 | K5: =SUMIF(B:B,"西塔台协调席",G:G)+SUMIF(B:B,"东塔台协调席",G:G) -> 19.042222 | L5: =SUMIF(B:B,"西塔台协调席",H:H)+SUMIF(B:B,"东塔台协调席",H:H) -> 0.79166667
A6: =IF(B6="","",IF(A6="",NOW(),A6)) -> 46218.14 | B6: 西塔台管制席 | C6: 0.14021991 | D6: 完成 | E6: 0.30334491 | F6: =(IF(E6-C6<0,"24:00"-C6+E6,E6-C6))*24 -> 3.915 | G6: =F6-H6 -> 0 | H6: =(IF(AND(C6>=$O$3,C6<$P$3,E6>=$O$3,E6<$P$3),E6-C6,IF(AND(C6>=$O$3,C6<$P$3,E6>=$P$3,E6<$N$3),$P$3-C6,IF(AND(C6>=$P$3,C6<$N$3,E6>=$O$3,E6<$P$3),E6,IF(AND(C6>=$P$3,C6<$N$3,E6>=$P$3,E6<$N$3),"0","none")))))*24 -> 3.915 | I6: 放行席执勤小时 | J6: =SUMIF(B:B,"放行席",F:F) -> 4.2108333 | K6: =SUMIF(B:B,"放行席",G:G) -> 0 | L6: =SUMIF(B:B,"放行席",H:H) -> 4.2108333
A7: =IF(B7="","",IF(A7="",NOW(),A7)) -> 46220.354 | B7: 东塔台协调席 | C7: 0.35460648 | D7: 完成 | E7: 0.50730324 | F7: =(IF(E7-C7<0,"24:00"-C7+E7,E7-C7))*24 -> 3.6647222 | G7: =F7-H7 -> 3.6647222 | H7: =(IF(AND(C7>=$O$3,C7<$P$3,E7>=$O$3,E7<$P$3),E7-C7,IF(AND(C7>=$O$3,C7<$P$3,E7>=$P$3,E7<$N$3),$P$3-C7,IF(AND(C7>=$P$3,C7<$N$3,E7>=$O$3,E7<$P$3),E7,IF(AND(C7>=$P$3,C7<$N$3,E7>=$P$3,E7<$N$3),"0","none")))))*24 -> 0 | I7: 地面席执勤小时 | J7: =SUMIF(B:B,"地面席",F:F) -> 2.3586111 | K7: =SUMIF(B:B,"地面席",G:G) -> 0 | L7: =SUMIF(B:B,"地面席",H:H) -> 2.3586111
A8: =IF(B8="","",IF(A8="",NOW(),A8)) -> 46220.627 | B8: 东塔台管制席 | C8: 0.62680556 | D8: 完成 | E8: 0.75827546 | F8: =(IF(E8-C8<0,"24:00"-C8+E8,E8-C8))*24 -> 3.1552778 | G8: =F8-H8 -> 3.1552778 | H8: =(IF(AND(C8>=$O$3,C8<$P$3,E8>=$O$3,E8<$P$3),E8-C8,IF(AND(C8>=$O$3,C8<$P$3,E8>=$P$3,E8<$N$3),$P$3-C8,IF(AND(C8>=$P$3,C8<$N$3,E8>=$O$3,E8<$P$3),E8,IF(AND(C8>=$P$3,C8<$N$3,E8>=$P$3,E8<$N$3),"0","none")))))*24 -> 0 | I8: 生产调度席执勤小时 | J8: =SUMIF(B:B,"生产调度席",F:F) -> 0 | K8: =SUMIF(B:B,"生产调度席",G:G) -> 0 | L8: =SUMIF(B:B,"生产调度席",H:H) -> 0
A9: =IF(B9="","",IF(A9="",NOW(),A9)) -> 46220.878 | B9: 东塔台协调席 | C9: 0.87778935 | D9: 完成 | E9: 0.95725694 | F9: =(IF(E9-C9<0,"24:00"-C9+E9,E9-C9))*24 -> 1.9072222 | G9: =F9-H9 -> 1.9072222 | H9: =(IF(AND(C9>=$O$3,C9<$P$3,E9>=$O$3,E9<$P$3),E9-C9,IF(AND(C9>=$O$3,C9<$P$3,E9>=$P$3,E9<$N$3),$P$3-C9,IF(AND(C9>=$P$3,C9<$N$3,E9>=$O$3,E9<$P$3),E9,IF(AND(C9>=$P$3,C9<$N$3,E9>=$P$3,E9<$N$3),"0","none")))))*24 -> 0 | I9: 航班调度席执勤小时 | J9: =SUMIF(B:B,"航班调度席",F:F) -> 0 | K9: =SUMIF(B:B,"航班调度席",G:G) -> 0 | L9: =SUMIF(B:B,"航班调度席",H:H) -> 0
A10: =IF(B10="","",IF(A10="",NOW(),A10)) -> 46221.301 | B10: 东塔台管制席 | C10: 0.3009375 | D10: 完成 | E10: 0.42232639 | F10: =(IF(E10-C10<0,"24:00"-C10+E10,E10-C10))*24 -> 2.9133333 | G10: =F10-H10 -> 2.1358333 | H10: =(IF(AND(C10>=$O$3,C10<$P$3,E10>=$O$3,E10<$P$3),E10-C10,IF(AND(C10>=$O$3,C10<$P$3,E10>=$P$3,E10<$N$3),$P$3-C10,IF(AND(C10>=$P$3,C10<$N$3,E10>=$O$3,E10<$P$3),E10,IF(AND(C10>=$P$3,C10<$N$3,E10>=$P$3,E10<$N$3),"0","none")))))*24 -> 0.7775 | I10: 综合协调席小时 | J10: =SUMIF(B:B,"综合协调席",F:F) -> 0 | K10: =SUMIF(B:B,"综合协调席",G:G) -> 0 | L10: =SUMIF(B:B,"综合协调席",H:H) -> 0
A11: =IF(B11="","",IF(A11="",NOW(),A11)) -> 46221.51 | B11: 东塔台协调席 | C11: 0.50954861 | D11: 完成 | E11: 0.62981481 | F11: =(IF(E11-C11<0,"24:00"-C11+E11,E11-C11))*24 -> 2.8863889 | G11: =F11-H11 -> 2.8863889 | H11: =(IF(AND(C11>=$O$3,C11<$P$3,E11>=$O$3,E11<$P$3),E11-C11,IF(AND(C11>=$O$3,C11<$P$3,E11>=$P$3,E11<$N$3),$P$3-C11,IF(AND(C11>=$P$3,C11<$N$3,E11>=$O$3,E11<$P$3),E11,IF(AND(C11>=$P$3,C11<$N$3,E11>=$P$3,E11<$N$3),"0","none")))))*24 -> 0 | I11: 见习管制员小时 | J11: =SUMIF(B:B,"见习管制员",F:F) -> 0 | K11: =SUMIF(B:B,"见习管制员",G:G) -> 0 | L11: =SUMIF(B:B,"见习管制员",H:H) -> 0
A12: =IF(B12="","",IF(A12="",NOW(),A12)) -> 46229.141 | B12: 地面席 | C12: 0.14042824 | D12: 完成 | E12: 0.14296296 | F12: =(IF(E12-C12<0,"24:00"-C12+E12,E12-C12))*24 -> 0.060833333 | G12: =F12-H12 -> 0 | H12: =(IF(AND(C12>=$O$3,C12<$P$3,E12>=$O$3,E12<$P$3),E12-C12,IF(AND(C12>=$O$3,C12<$P$3,E12>=$P$3,E12<$N$3),$P$3-C12,IF(AND(C12>=$P$3,C12<$N$3,E12>=$O$3,E12<$P$3),E12,IF(AND(C12>=$P$3,C12<$N$3,E12>=$P$3,E12<$N$3),"0","none")))))*24 -> 0.060833333 | I12: 管制教员席小时 | J12: =SUMIF(B:B,"管制教员席",F:F) -> 0 | K12: =SUMIF(B:B,"管制教员席",G:G) -> 0 | L12: =SUMIF(B:B,"管制教员席",H:H) -> 0
A13: =IF(B13="","",IF(A13="",NOW(),A13)) -> 46229.143 | B13: 东塔台管制席 | C13: 0.14327546 | D13: 完成 | E13: 0.30237269 | F13: =(IF(E13-C13<0,"24:00"-C13+E13,E13-C13))*24 -> 3.8183333 | G13: =F13-H13 -> 0 | H13: =(IF(AND(C13>=$O$3,C13<$P$3,E13>=$O$3,E13<$P$3),E13-C13,IF(AND(C13>=$O$3,C13<$P$3,E13>=$P$3,E13<$N$3),$P$3-C13,IF(AND(C13>=$P$3,C13<$N$3,E13>=$O$3,E13<$P$3),E13,IF(AND(C13>=$P$3,C13<$N$3,E13>=$P$3,E13<$N$3),"0","none")))))*24 -> 3.8183333 | I13: 月度总小时统计
A14: =IF(B14="","",IF(A14="",NOW(),A14)) -> 46230.135 | B14: 放行席 | C14: 0.13516204 | D14: 完成 | E14: 0.21997685 | F14: =(IF(E14-C14<0,"24:00"-C14+E14,E14-C14))*24 -> 2.0355556 | G14: =F14-H14 -> 0 | H14: =(IF(AND(C14>=$O$3,C14<$P$3,E14>=$O$3,E14<$P$3),E14-C14,IF(AND(C14>=$O$3,C14<$P$3,E14>=$P$3,E14<$N$3),$P$3-C14,IF(AND(C14>=$P$3,C14<$N$3,E14>=$O$3,E14<$P$3),E14,IF(AND(C14>=$P$3,C14<$N$3,E14>=$P$3,E14<$N$3),"0","none")))))*24 -> 2.0355556
A15: =IF(B15="","",IF(A15="",NOW(),A15)) -> 46232.355 | B15: 西塔台管制席 | C15: 0.35480324 | D15: 完成 | E15: 0.51396991 | F15: =(IF(E15-C15<0,"24:00"-C15+E15,E15-C15))*24 -> 3.82 | G15: =F15-H15 -> 3.82 | H15: =(IF(AND(C15>=$O$3,C15<$P$3,E15>=$O$3,E15<$P$3),E15-C15,IF(AND(C15>=$O$3,C15<$P$3,E15>=$P$3,E15<$N$3),$P$3-C15,IF(AND(C15>=$P$3,C15<$N$3,E15>=$O$3,E15<$P$3),E15,IF(AND(C15>=$P$3,C15<$N$3,E15>=$P$3,E15<$N$3),"0","none")))))*24 -> 0 | I15: 统计 | J15: 各席位总小时 | K15: 白班小时 | L15: 夜班小时 (0000-0800) | M15: 备注
A16: =IF(B16="","",IF(A16="",NOW(),A16)) -> 46232.627 | B16: 西塔台协调席 | C16: 0.62709491 | D16: 完成 | E16: 0.7653588 | F16: =(IF(E16-C16<0,"24:00"-C16+E16,E16-C16))*24 -> 3.3183333 | G16: =F16-H16 -> 3.3183333 | H16: =(IF(AND(C16>=$O$3,C16<$P$3,E16>=$O$3,E16<$P$3),E16-C16,IF(AND(C16>=$O$3,C16<$P$3,E16>=$P$3,E16<$N$3),$P$3-C16,IF(AND(C16>=$P$3,C16<$N$3,E16>=$O$3,E16<$P$3),E16,IF(AND(C16>=$P$3,C16<$N$3,E16>=$P$3,E16<$N$3),"0","none")))))*24 -> 0 | I16: 带班主任席执勤小时 | J16: =J3 -> 0 | K16: =K3 -> 0 | L16: =L3 -> 0
A17: =IF(B17="","",IF(A17="",NOW(),A17)) -> 46232.878 | B17: 西塔台管制席 | C17: 0.8775463 | D17: 完成 | E17: 0.95893519 | F17: =(IF(E17-C17<0,"24:00"-C17+E17,E17-C17))*24 -> 1.9533333 | G17: =F17-H17 -> 1.9533333 | H17: =(IF(AND(C17>=$O$3,C17<$P$3,E17>=$O$3,E17<$P$3),E17-C17,IF(AND(C17>=$O$3,C17<$P$3,E17>=$P$3,E17<$N$3),$P$3-C17,IF(AND(C17>=$P$3,C17<$N$3,E17>=$O$3,E17<$P$3),E17,IF(AND(C17>=$P$3,C17<$N$3,E17>=$P$3,E17<$N$3),"0","none")))))*24 -> 0 | I17: 席位执勤小时 | J17: =J4+J5+J6+J7+J10 -> 49.926944 | K17: =K4+K5+K6+K7+K10 -> 30.106667 | L17: =L4+L5+L6+L7+L10 -> 19.820278
A18: =IF(B18="","",IF(A18="",NOW(),A18)) -> 46233.3 | B18: 东塔台协调席 | C18: 0.30034722 | D18: 完成 | E18: 0.46449074 | F18: =(IF(E18-C18<0,"24:00"-C18+E18,E18-C18))*24 -> 3.9394444 | G18: =F18-H18 -> 3.1477778 | H18: =(IF(AND(C18>=$O$3,C18<$P$3,E18>=$O$3,E18<$P$3),E18-C18,IF(AND(C18>=$O$3,C18<$P$3,E18>=$P$3,E18<$N$3),$P$3-C18,IF(AND(C18>=$P$3,C18<$N$3,E18>=$O$3,E18<$P$3),E18,IF(AND(C18>=$P$3,C18<$N$3,E18>=$P$3,E18<$N$3),"0","none")))))*24 -> 0.79166667 | I18: 见习管制员小时 | J18: =J11 -> 0 | K18: =K11 -> 0 | L18: =L11 -> 0
A19: =IF(B19="","",IF(A19="",NOW(),A19)) -> 46233.544 | B19: 东塔台协调席 | C19: 0.54409722 | D19: 完成 | E19: 0.63280093 | F19: =(IF(E19-C19<0,"24:00"-C19+E19,E19-C19))*24 -> 2.1288889 | G19: =F19-H19 -> 2.1288889 | H19: =(IF(AND(C19>=$O$3,C19<$P$3,E19>=$O$3,E19<$P$3),E19-C19,IF(AND(C19>=$O$3,C19<$P$3,E19>=$P$3,E19<$N$3),$P$3-C19,IF(AND(C19>=$P$3,C19<$N$3,E19>=$O$3,E19<$P$3),E19,IF(AND(C19>=$P$3,C19<$N$3,E19>=$P$3,E19<$N$3),"0","none")))))*24 -> 0 | I19: 管制教员小时 | J19: =J12 -> 0 | K19: =K12 -> 0 | L19: =L12 -> 0
A20: =IF(B20="","",IF(A20="",NOW(),A20)) -> 46233.76 | B20: 东塔台协调席 | C20: 0.7602662 | D20: 完成 | E20: 0.84313657 | F20: =(IF(E20-C20<0,"24:00"-C20+E20,E20-C20))*24 -> 1.9888889 | G20: =F20-H20 -> 1.9888889 | H20: =(IF(AND(C20>=$O$3,C20<$P$3,E20>=$O$3,E20<$P$3),E20-C20,IF(AND(C20>=$O$3,C20<$P$3,E20>=$P$3,E20<$N$3),$P$3-C20,IF(AND(C20>=$P$3,C20<$N$3,E20>=$O$3,E20<$P$3),E20,IF(AND(C20>=$P$3,C20<$N$3,E20>=$P$3,E20<$N$3),"0","none")))))*24 -> 0 | I20: 月度总小时 | J20: =J16+J17+J18+J19 -> 49.926944
A21: =IF(B21="","",IF(A21="",NOW(),A21)) | F21: =(IF(E21-C21<0,"24:00"-C21+E21,E21-C21))*24 -> 0 | G21: =F21-H21 -> 0 | H21: =(IF(AND(C21>=$O$3,C21<$P$3,E21>=$O$3,E21<$P$3),E21-C21,IF(AND(C21>=$O$3,C21<$P$3,E21>=$P$3,E21<$N$3),$P$3-C21,IF(AND(C21>=$P$3,C21<$N$3,E21>=$O$3,E21<$P$3),E21,IF(AND(C21>=$P$3,C21<$N$3,E21>=$P$3,E21<$N$3),"0","none")))))*24 -> 0 | I21: 调度席 | J21: =SUM(J8:J9) -> 0 | K21: =SUM(K8:K9) -> 0 | L21: =SUM(L8:L9) -> 0
A22: =IF(B22="","",IF(A22="",NOW(),A22)) | F22: =(IF(E22-C22<0,"24:00"-C22+E22,E22-C22))*24 -> 0 | G22: =F22-H22 -> 0 | H22: =(IF(AND(C22>=$O$3,C22<$P$3,E22>=$O$3,E22<$P$3),E22-C22,IF(AND(C22>=$O$3,C22<$P$3,E22>=$P$3,E22<$N$3),$P$3-C22,IF(AND(C22>=$P$3,C22<$N$3,E22>=$O$3,E22<$P$3),E22,IF(AND(C22>=$P$3,C22<$N$3,E22>=$P$3,E22<$N$3),"0","none")))))*24 -> 0
A23: =IF(B23="","",IF(A23="",NOW(),A23)) | F23: =(IF(E23-C23<0,"24:00"-C23+E23,E23-C23))*24 -> 0 | G23: =F23-H23 -> 0 | H23: =(IF(AND(C23>=$O$3,C23<$P$3,E23>=$O$3,E23<$P$3),E23-C23,IF(AND(C23>=$O$3,C23<$P$3,E23>=$P$3,E23<$N$3),$P$3-C23,IF(AND(C23>=$P$3,C23<$N$3,E23>=$O$3,E23<$P$3),E23,IF(AND(C23>=$P$3,C23<$N$3,E23>=$P$3,E23<$N$3),"0","none")))))*24 -> 0
A24: =IF(B24="","",IF(A24="",NOW(),A24)) | F24: =(IF(E24-C24<0,"24:00"-C24+E24,E24-C24))*24 -> 0 | G24: =F24-H24 -> 0 | H24: =(IF(AND(C24>=$O$3,C24<$P$3,E24>=$O$3,E24<$P$3),E24-C24,IF(AND(C24>=$O$3,C24<$P$3,E24>=$P$3,E24<$N$3),$P$3-C24,IF(AND(C24>=$P$3,C24<$N$3,E24>=$O$3,E24<$P$3),E24,IF(AND(C24>=$P$3,C24<$N$3,E24>=$P$3,E24<$N$3),"0","none")))))*24 -> 0
A25: =IF(B25="","",IF(A25="",NOW(),A25)) | F25: =(IF(E25-C25<0,"24:00"-C25+E25,E25-C25))*24 -> 0 | G25: =F25-H25 -> 0 | H25: =(IF(AND(C25>=$O$3,C25<$P$3,E25>=$O$3,E25<$P$3),E25-C25,IF(AND(C25>=$O$3,C25<$P$3,E25>=$P$3,E25<$N$3),$P$3-C25,IF(AND(C25>=$P$3,C25<$N$3,E25>=$O$3,E25<$P$3),E25,IF(AND(C25>=$P$3,C25<$N$3,E25>=$P$3,E25<$N$3),"0","none")))))*24 -> 0
A26: =IF(B26="","",IF(A26="",NOW(),A26)) | F26: =(IF(E26-C26<0,"24:00"-C26+E26,E26-C26))*24 -> 0 | G26: =F26-H26 -> 0 | H26: =(IF(AND(C26>=$O$3,C26<$P$3,E26>=$O$3,E26<$P$3),E26-C26,IF(AND(C26>=$O$3,C26<$P$3,E26>=$P$3,E26<$N$3),$P$3-C26,IF(AND(C26>=$P$3,C26<$N$3,E26>=$O$3,E26<$P$3),E26,IF(AND(C26>=$P$3,C26<$N$3,E26>=$P$3,E26<$N$3),"0","none")))))*24 -> 0
A27: =IF(B27="","",IF(A27="",NOW(),A27)) | F27: =(IF(E27-C27<0,"24:00"-C27+E27,E27-C27))*24 -> 0 | G27: =F27-H27 -> 0 | H27: =(IF(AND(C27>=$O$3,C27<$P$3,E27>=$O$3,E27<$P$3),E27-C27,IF(AND(C27>=$O$3,C27<$P$3,E27>=$P$3,E27<$N$3),$P$3-C27,IF(AND(C27>=$P$3,C27<$N$3,E27>=$O$3,E27<$P$3),E27,IF(AND(C27>=$P$3,C27<$N$3,E27>=$P$3,E27<$N$3),"0","none")))))*24 -> 0
A28: =IF(B28="","",IF(A28="",NOW(),A28)) | F28: =(IF(E28-C28<0,"24:00"-C28+E28,E28-C28))*24 -> 0 | G28: =F28-H28 -> 0 | H28: =(IF(AND(C28>=$O$3,C28<$P$3,E28>=$O$3,E28<$P$3),E28-C28,IF(AND(C28>=$O$3,C28<$P$3,E28>=$P$3,E28<$N$3),$P$3-C28,IF(AND(C28>=$P$3,C28<$N$3,E28>=$O$3,E28<$P$3),E28,IF(AND(C28>=$P$3,C28<$N$3,E28>=$P$3,E28<$N$3),"0","none")))))*24 -> 0
A29: =IF(B29="","",IF(A29="",NOW(),A29)) | F29: =(IF(E29-C29<0,"24:00"-C29+E29,E29-C29))*24 -> 0 | G29: =F29-H29 -> 0 | H29: =(IF(AND(C29>=$O$3,C29<$P$3,E29>=$O$3,E29<$P$3),E29-C29,IF(AND(C29>=$O$3,C29<$P$3,E29>=$P$3,E29<$N$3),$P$3-C29,IF(AND(C29>=$P$3,C29<$N$3,E29>=$O$3,E29<$P$3),E29,IF(AND(C29>=$P$3,C29<$N$3,E29>=$P$3,E29<$N$3),"0","none")))))*24 -> 0
A30: =IF(B30="","",IF(A30="",NOW(),A30)) | F30: =(IF(E30-C30<0,"24:00"-C30+E30,E30-C30))*24 -> 0 | G30: =F30-H30 -> 0 | H30: =(IF(AND(C30>=$O$3,C30<$P$3,E30>=$O$3,E30<$P$3),E30-C30,IF(AND(C30>=$O$3,C30<$P$3,E30>=$P$3,E30<$N$3),$P$3-C30,IF(AND(C30>=$P$3,C30<$N$3,E30>=$O$3,E30<$P$3),E30,IF(AND(C30>=$P$3,C30<$N$3,E30>=$P$3,E30<$N$3),"0","none")))))*24 -> 0
A31: =IF(B31="","",IF(A31="",NOW(),A31)) | F31: =(IF(E31-C31<0,"24:00"-C31+E31,E31-C31))*24 -> 0 | G31: =F31-H31 -> 0 | H31: =(IF(AND(C31>=$O$3,C31<$P$3,E31>=$O$3,E31<$P$3),E31-C31,IF(AND(C31>=$O$3,C31<$P$3,E31>=$P$3,E31<$N$3),$P$3-C31,IF(AND(C31>=$P$3,C31<$N$3,E31>=$O$3,E31<$P$3),E31,IF(AND(C31>=$P$3,C31<$N$3,E31>=$P$3,E31<$N$3),"0","none")))))*24 -> 0
A32: =IF(B32="","",IF(A32="",NOW(),A32)) | F32: =(IF(E32-C32<0,"24:00"-C32+E32,E32-C32))*24 -> 0 | G32: =F32-H32 -> 0 | H32: =(IF(AND(C32>=$O$3,C32<$P$3,E32>=$O$3,E32<$P$3),E32-C32,IF(AND(C32>=$O$3,C32<$P$3,E32>=$P$3,E32<$N$3),$P$3-C32,IF(AND(C32>=$P$3,C32<$N$3,E32>=$O$3,E32<$P$3),E32,IF(AND(C32>=$P$3,C32<$N$3,E32>=$P$3,E32<$N$3),"0","none")))))*24 -> 0
A33: =IF(B33="","",IF(A33="",NOW(),A33)) | F33: =(IF(E33-C33<0,"24:00"-C33+E33,E33-C33))*24 -> 0 | G33: =F33-H33 -> 0 | H33: =(IF(AND(C33>=$O$3,C33<$P$3,E33>=$O$3,E33<$P$3),E33-C33,IF(AND(C33>=$O$3,C33<$P$3,E33>=$P$3,E33<$N$3),$P$3-C33,IF(AND(C33>=$P$3,C33<$N$3,E33>=$O$3,E33<$P$3),E33,IF(AND(C33>=$P$3,C33<$N$3,E33>=$P$3,E33<$N$3),"0","none")))))*24 -> 0
... A160: =IF(B160="","",IF(A160="",NOW(),A160)) | F160: =(IF(E160-C160<0,"24:00"-C160+E160,E160-C160))*24 -> 0 | G160: =F160-H160 -> 0 | H160: =(IF(AND(C160>=$O$3,C160<$P$3,E160>=$O$3,E160<$P$3),E160-C160,IF(AND(C160>=$O$3,C160<$P$3,E160>=$P$3,E160<$N$3),$P$3-C160,IF(AND(C160>=$P$3,C160<$N$3,E160>=$O$3,E160<$P$3),E160,IF(AND(C160>=$P$3,C160<$N$3,E160>=$P$3,E160<$N$3),"0","none")))))*24 -> 0
A161: =IF(B161="","",IF(A161="",NOW(),A161)) | F161: =(IF(E161-C161<0,"24:00"-C161+E161,E161-C161))*24 -> 0
A162: =IF(B162="","",IF(A162="",NOW(),A162)) | F162: =(IF(E162-C162<0,"24:00"-C162+E162,E162-C162))*24 -> 0
A163: =IF(B163="","",IF(A163="",NOW(),A163)) | F163: =(IF(E163-C163<0,"24:00"-C163+E163,E163-C163))*24 -> 0
A164: =IF(B164="","",IF(A164="",NOW(),A164)) | F164: =(IF(E164-C164<0,"24:00"-C164+E164,E164-C164))*24 -> 0
A165: =IF(B165="","",IF(A165="",NOW(),A165)) | F165: =(IF(E165-C165<0,"24:00"-C165+E165,E165-C165))*24 -> 0
A166: =IF(B166="","",IF(A166="",NOW(),A166)) | F166: =(IF(E166-C166<0,"24:00"-C166+E166,E166-C166))*24 -> 0
A167: =IF(B167="","",IF(A167="",NOW(),A167)) | F167: =(IF(E167-C167<0,"24:00"-C167+E167,E167-C167))*24 -> 0
A168: =IF(B168="","",IF(A168="",NOW(),A168)) | F168: =(IF(E168-C168<0,"24:00"-C168+E168,E168-C168))*24 -> 0
A169: =IF(B169="","",IF(A169="",NOW(),A169)) | F169: =(IF(E169-C169<0,"24:00"-C169+E169,E169-C169))*24 -> 0
A170: =IF(B170="","",IF(A170="",NOW(),A170)) | F170: =(IF(E170-C170<0,"24:00"-C170+E170,E170-C170))*24 -> 0
A171: =IF(B171="","",IF(A171="",NOW(),A171)) | F171: =(IF(E171-C171<0,"24:00"-C171+E171,E171-C171))*24 -> 0
A172: =IF(B172="","",IF(A172="",NOW(),A172)) | F172: =(IF(E172-C172<0,"24:00"-C172+E172,E172-C172))*24 -> 0
... A205: =IF(B205="","",IF(A205="",NOW(),A205)) | F205: =(IF(E205-C205<0,"24:00"-C205+E205,E205-C205))*24 -> 0
A206: =IF(B206="","",IF(A206="",NOW(),A206)) | F206: =IF(E206-C206<0,"24:00"-C206+E206,E206-C206) -> 0
A207: =IF(B207="","",IF(A207="",NOW(),A207)) | F207: =IF(E207-C207<0,"24:00"-C207+E207,E207-C207) -> 0
A208: =IF(B208="","",IF(A208="",NOW(),A208)) | F208: =IF(E208-C208<0,"24:00"-C208+E208,E208-C208) -> 0
A209: =IF(B209="","",IF(A209="",NOW(),A209)) | F209: =IF(E209-C209<0,"24:00"-C209+E209,E209-C209) -> 0
A210: =IF(B210="","",IF(A210="",NOW(),A210)) | F210: =IF(E210-C210<0,"24:00"-C210+E210,E210-C210) -> 0
A211: =IF(B211="","",IF(A211="",NOW(),A211)) | F211: =IF(E211-C211<0,"24:00"-C211+E211,E211-C211) -> 0
A212: =IF(B212="","",IF(A212="",NOW(),A212)) | F212: =IF(E212-C212<0,"24:00"-C212+E212,E212-C212) -> 0
A213: =IF(B213="","",IF(A213="",NOW(),A213)) | F213: =IF(E213-C213<0,"24:00"-C213+E213,E213-C213) -> 0
A214: =IF(B214="","",IF(A214="",NOW(),A214)) | F214: =IF(E214-C214<0,"24:00"-C214+E214,E214-C214) -> 0
A215: =IF(B215="","",IF(A215="",NOW(),A215)) | F215: =IF(E215-C215<0,"24:00"-C215+E215,E215-C215) -> 0
A216: =IF(B216="","",IF(A216="",NOW(),A216)) | F216: =IF(E216-C216<0,"24:00"-C216+E216,E216-C216) -> 0
A217: =IF(B217="","",IF(A217="",NOW(),A217)) | F217: =IF(E217-C217<0,"24:00"-C217+E217,E217-C217) -> 0
... A339: =IF(B339="","",IF(A339="",NOW(),A339)) | F339: =IF(E339-C339<0,"24:00"-C339+E339,E339-C339) -> 0

Sheet 马莲花
A1: 返回目录
A2: 日 期 | B2: 岗 位 | C2: 上岗时刻 | D2: 交接班 | E2: 离岗时刻 | F2: 时段工作小时 | G2: 白班小时 | H2: 夜班小时 (0200-0800) | I2: 统 计 | J2: 各席位总小时 | K2: 白班小时 | L2: 夜班小时 (0000-0800) | M2: 备注
A3: =IF(B3="","",IF(A3="",NOW(),A3)) -> 46204.954 | B3: 东塔台协调席 | C3: 0.95405093 | D3: 完成 | E3: 0.10519676 | F3: =(IF(E3-C3<0,"24:00"-C3+E3,E3-C3))*24 -> 3.6275 | G3: =F3-H3 -> 1.1027778 | H3: =(IF(AND(C3>=$O$3,C3<$P$3,E3>=$O$3,E3<$P$3),E3-C3,IF(AND(C3>=$O$3,C3<$P$3,E3>=$P$3,E3<$N$3),$P$3-C3,IF(AND(C3>=$P$3,C3<$N$3,E3>=$O$3,E3<$P$3),E3,IF(AND(C3>=$P$3,C3<$N$3,E3>=$P$3,E3<$N$3),"0","none")))))*24 -> 2.5247222 | I3: 带班主任席执勤小时 | J3: =SUMIF(B:B,"带班主任",F:F) -> 58.251111 | K3: =SUMIF(B:B,"带班主任",G:G) -> 40.656944 | L3: =SUMIF(B:B,"带班主任",H:H) -> 17.594167 | N3: 0.99998843 | O3: 0 | P3: 0.33333333
A4: =IF(B4="","",IF(A4="",NOW(),A4)) -> 46205.459 | B4: 东塔台协调席 | C4: 0.45850694 | D4: 完成 | E4: 0.5565162 | F4: =(IF(E4-C4<0,"24:00"-C4+E4,E4-C4))*24 -> 2.3522222 | G4: =F4-H4 -> 2.3522222 | H4: =(IF(AND(C4>=$O$3,C4<$P$3,E4>=$O$3,E4<$P$3),E4-C4,IF(AND(C4>=$O$3,C4<$P$3,E4>=$P$3,E4<$N$3),$P$3-C4,IF(AND(C4>=$P$3,C4<$N$3,E4>=$O$3,E4<$P$3),E4,IF(AND(C4>=$P$3,C4<$N$3,E4>=$P$3,E4<$N$3),"0","none")))))*24 -> 0 | I4: 机场管制席执勤小时 | J4: =SUMIF(B:B,"西塔台管制席",F:F)+SUMIF(B:B,"东塔台管制席",F:F) -> 14.294444 | K4: =SUMIF(B:B,"西塔台管制席",G:G)+SUMIF(B:B,"东塔台管制席",G:G) -> 11.095833 | L4: =SUMIF(B:B,"西塔台管制席",H:H)+SUMIF(B:B,"东塔台管制席",H:H) -> 3.1986111
A5: =IF(B5="","",IF(A5="",NOW(),A5)) -> 46205.626 | B5: 东塔台管制席 | C5: 0.62609954 | D5: 完成 | E5: 0.75725694 | F5: =(IF(E5-C5<0,"24:00"-C5+E5,E5-C5))*24 -> 3.1477778 | G5: =F5-H5 -> 3.1477778 | H5: =(IF(AND(C5>=$O$3,C5<$P$3,E5>=$O$3,E5<$P$3),E5-C5,IF(AND(C5>=$O$3,C5<$P$3,E5>=$P$3,E5<$N$3),$P$3-C5,IF(AND(C5>=$P$3,C5<$N$3,E5>=$O$3,E5<$P$3),E5,IF(AND(C5>=$P$3,C5<$N$3,E5>=$P$3,E5<$N$3),"0","none")))))*24 -> 0 | I5: 机场协调席执勤小时 | J5: =SUMIF(B:B,"西塔台协调席",F:F)+SUMIF(B:B,"东塔台协调席",F:F) -> 12.685556 | K5: =SUMIF(B:B,"西塔台协调席",G:G)+SUMIF(B:B,"东塔台协调席",G:G) -> 9.3186111 | L5: =SUMIF(B:B,"西塔台协调席",H:H)+SUMIF(B:B,"东塔台协调席",H:H) -> 3.3669444
A6: =IF(B6="","",IF(A6="",NOW(),A6)) -> 46205.834 | B6: 东塔台管制席 | C6: 0.834375 | D6: 完成 | E6: 0.95753472 | F6: =(IF(E6-C6<0,"24:00"-C6+E6,E6-C6))*24 -> 2.9558333 | G6: =F6-H6 -> 2.9558333 | H6: =(IF(AND(C6>=$O$3,C6<$P$3,E6>=$O$3,E6<$P$3),E6-C6,IF(AND(C6>=$O$3,C6<$P$3,E6>=$P$3,E6<$N$3),$P$3-C6,IF(AND(C6>=$P$3,C6<$N$3,E6>=$O$3,E6<$P$3),E6,IF(AND(C6>=$P$3,C6<$N$3,E6>=$P$3,E6<$N$3),"0","none")))))*24 -> 0 | I6: 放行席执勤小时 | J6: =SUMIF(B:B,"放行席",F:F) -> 0 | K6: =SUMIF(B:B,"放行席",G:G) -> 0 | L6: =SUMIF(B:B,"放行席",H:H) -> 0
A7: =IF(B7="","",IF(A7="",NOW(),A7)) -> 46206.298 | B7: 东塔台协调席 | C7: 0.29824074 | D7: 完成 | E7: 0.36568287 | F7: =(IF(E7-C7<0,"24:00"-C7+E7,E7-C7))*24 -> 1.6186111 | G7: =F7-H7 -> 0.77638889 | H7: =(IF(AND(C7>=$O$3,C7<$P$3,E7>=$O$3,E7<$P$3),E7-C7,IF(AND(C7>=$O$3,C7<$P$3,E7>=$P$3,E7<$N$3),$P$3-C7,IF(AND(C7>=$P$3,C7<$N$3,E7>=$O$3,E7<$P$3),E7,IF(AND(C7>=$P$3,C7<$N$3,E7>=$P$3,E7<$N$3),"0","none")))))*24 -> 0.84222222 | I7: 地面席执勤小时 | J7: =SUMIF(B:B,"地面席",F:F) -> 0 | K7: =SUMIF(B:B,"地面席",G:G) -> 0 | L7: =SUMIF(B:B,"地面席",H:H) -> 0
A8: =IF(B8="","",IF(A8="",NOW(),A8)) -> 46208.356 | B8: 带班主任 | C8: 0.35614583 | D8: 完成 | E8: 0.52886574 | F8: =(IF(E8-C8<0,"24:00"-C8+E8,E8-C8))*24 -> 4.1452778 | G8: =F8-H8 -> 4.1452778 | H8: =(IF(AND(C8>=$O$3,C8<$P$3,E8>=$O$3,E8<$P$3),E8-C8,IF(AND(C8>=$O$3,C8<$P$3,E8>=$P$3,E8<$N$3),$P$3-C8,IF(AND(C8>=$P$3,C8<$N$3,E8>=$O$3,E8<$P$3),E8,IF(AND(C8>=$P$3,C8<$N$3,E8>=$P$3,E8<$N$3),"0","none")))))*24 -> 0 | I8: 生产调度席执勤小时 | J8: =SUMIF(B:B,"生产调度席",F:F) -> 0 | K8: =SUMIF(B:B,"生产调度席",G:G) -> 0 | L8: =SUMIF(B:B,"生产调度席",H:H) -> 0
A9: =IF(B9="","",IF(A9="",NOW(),A9)) -> 46208.648 | B9: 带班主任 | C9: 0.64847222 | D9: 完成 | E9: 0.77578704 | F9: =(IF(E9-C9<0,"24:00"-C9+E9,E9-C9))*24 -> 3.0555556 | G9: =F9-H9 -> 3.0555556 | H9: =(IF(AND(C9>=$O$3,C9<$P$3,E9>=$O$3,E9<$P$3),E9-C9,IF(AND(C9>=$O$3,C9<$P$3,E9>=$P$3,E9<$N$3),$P$3-C9,IF(AND(C9>=$P$3,C9<$N$3,E9>=$O$3,E9<$P$3),E9,IF(AND(C9>=$P$3,C9<$N$3,E9>=$P$3,E9<$N$3),"0","none")))))*24 -> 0 | I9: 航班调度席执勤小时 | J9: =SUMIF(B:B,"航班调度席",F:F) -> 0 | K9: =SUMIF(B:B,"航班调度席",G:G) -> 0 | L9: =SUMIF(B:B,"航班调度席",H:H) -> 0
A10: =IF(B10="","",IF(A10="",NOW(),A10)) -> 46216.939 | B10: 带班主任 | C10: 0.93912037 | D10: 完成 | E10: 0.13990741 | F10: =(IF(E10-C10<0,"24:00"-C10+E10,E10-C10))*24 -> 4.8188889 | G10: =F10-H10 -> 1.4611111 | H10: =(IF(AND(C10>=$O$3,C10<$P$3,E10>=$O$3,E10<$P$3),E10-C10,IF(AND(C10>=$O$3,C10<$P$3,E10>=$P$3,E10<$N$3),$P$3-C10,IF(AND(C10>=$P$3,C10<$N$3,E10>=$O$3,E10<$P$3),E10,IF(AND(C10>=$P$3,C10<$N$3,E10>=$P$3,E10<$N$3),"0","none")))))*24 -> 3.3577778 | I10: 综合协调席小时 | J10: =SUMIF(B:B,"综合协调席",F:F) -> 0 | K10: =SUMIF(B:B,"综合协调席",G:G) -> 0 | L10: =SUMIF(B:B,"综合协调席",H:H) -> 0
A11: =IF(B11="","",IF(A11="",NOW(),A11)) -> 46218.134 | B11: 带班主任 | C11: 0.13377315 | D11: 完成 | E11: 0.29730324 | F11: =(IF(E11-C11<0,"24:00"-C11+E11,E11-C11))*24 -> 3.9247222 | G11: =F11-H11 -> 0 | H11: =(IF(AND(C11>=$O$3,C11<$P$3,E11>=$O$3,E11<$P$3),E11-C11,IF(AND(C11>=$O$3,C11<$P$3,E11>=$P$3,E11<$N$3),$P$3-C11,IF(AND(C11>=$P$3,C11<$N$3,E11>=$O$3,E11<$P$3),E11,IF(AND(C11>=$P$3,C11<$N$3,E11>=$P$3,E11<$N$3),"0","none")))))*24 -> 3.9247222 | I11: 见习管制员小时 | J11: =SUMIF(B:B,"见习管制员",F:F) -> 0 | K11: =SUMIF(B:B,"见习管制员",G:G) -> 0 | L11: =SUMIF(B:B,"见习管制员",H:H) -> 0
A12: =IF(B12="","",IF(A12="",NOW(),A12)) -> 46220.772 | B12: 带班主任 | C12: 0.77216435 | D12: 完成 | E12: 0.8187037 | F12: =(IF(E12-C12<0,"24:00"-C12+E12,E12-C12))*24 -> 1.1169444 | G12: =F12-H12 -> 1.1169444 | H12: =(IF(AND(C12>=$O$3,C12<$P$3,E12>=$O$3,E12<$P$3),E12-C12,IF(AND(C12>=$O$3,C12<$P$3,E12>=$P$3,E12<$N$3),$P$3-C12,IF(AND(C12>=$P$3,C12<$N$3,E12>=$O$3,E12<$P$3),E12,IF(AND(C12>=$P$3,C12<$N$3,E12>=$P$3,E12<$N$3),"0","none")))))*24 -> 0 | I12: 管制教员席小时 | J12: =SUMIF(B:B,"管制教员席",F:F) -> 0 | K12: =SUMIF(B:B,"管制教员席",G:G) -> 0 | L12: =SUMIF(B:B,"管制教员席",H:H) -> 0
A13: =IF(B13="","",IF(A13="",NOW(),A13)) -> 46221.134 | B13: 带班主任 | C13: 0.13405093 | D13: 完成 | E13: 0.30695602 | F13: =(IF(E13-C13<0,"24:00"-C13+E13,E13-C13))*24 -> 4.1497222 | G13: =F13-H13 -> 0 | H13: =(IF(AND(C13>=$O$3,C13<$P$3,E13>=$O$3,E13<$P$3),E13-C13,IF(AND(C13>=$O$3,C13<$P$3,E13>=$P$3,E13<$N$3),$P$3-C13,IF(AND(C13>=$P$3,C13<$N$3,E13>=$O$3,E13<$P$3),E13,IF(AND(C13>=$P$3,C13<$N$3,E13>=$P$3,E13<$N$3),"0","none")))))*24 -> 4.1497222 | I13: 月度总小时统计
A14: =IF(B14="","",IF(A14="",NOW(),A14)) -> 46221.772 | B14: 带班主任 | C14: 0.77216435 | D14: 完成 | E14: 0.94555556 | F14: =(IF(E14-C14<0,"24:00"-C14+E14,E14-C14))*24 -> 4.1613889 | G14: =F14-H14 -> 4.1613889 | H14: =(IF(AND(C14>=$O$3,C14<$P$3,E14>=$O$3,E14<$P$3),E14-C14,IF(AND(C14>=$O$3,C14<$P$3,E14>=$P$3,E14<$N$3),$P$3-C14,IF(AND(C14>=$P$3,C14<$N$3,E14>=$O$3,E14<$P$3),E14,IF(AND(C14>=$P$3,C14<$N$3,E14>=$P$3,E14<$N$3),"0","none")))))*24 -> 0
A15: =IF(B15="","",IF(A15="",NOW(),A15)) -> 46222.299 | B15: 带班主任 | C15: 0.29898148 | D15: 完成 | E15: 0.35688657 | F15: =(IF(E15-C15<0,"24:00"-C15+E15,E15-C15))*24 -> 1.3897222 | G15: =F15-H15 -> 0.56527778 | H15: =(IF(AND(C15>=$O$3,C15<$P$3,E15>=$O$3,E15<$P$3),E15-C15,IF(AND(C15>=$O$3,C15<$P$3,E15>=$P$3,E15<$N$3),$P$3-C15,IF(AND(C15>=$P$3,C15<$N$3,E15>=$O$3,E15<$P$3),E15,IF(AND(C15>=$P$3,C15<$N$3,E15>=$P$3,E15<$N$3),"0","none")))))*24 -> 0.82444444 | I15: 统计 | J15: 各席位总小时 | K15: 白班小时 | L15: 夜班小时 (0000-0800) | M15: 备注
A16: =IF(B16="","",IF(A16="",NOW(),A16)) -> 46224.953 | B16: 西塔台管制席 | C16: 0.95267361 | D16: 完成 | E16: 0.10024306 | F16: =(IF(E16-C16<0,"24:00"-C16+E16,E16-C16))*24 -> 3.5416667 | G16: =F16-H16 -> 1.1358333 | H16: =(IF(AND(C16>=$O$3,C16<$P$3,E16>=$O$3,E16<$P$3),E16-C16,IF(AND(C16>=$O$3,C16<$P$3,E16>=$P$3,E16<$N$3),$P$3-C16,IF(AND(C16>=$P$3,C16<$N$3,E16>=$O$3,E16<$P$3),E16,IF(AND(C16>=$P$3,C16<$N$3,E16>=$P$3,E16<$N$3),"0","none")))))*24 -> 2.4058333 | I16: 带班主任席执勤小时 | J16: =J3 -> 58.251111 | K16: =K3 -> 40.656944 | L16: =L3 -> 17.594167
A17: =IF(B17="","",IF(A17="",NOW(),A17)) -> 46225.459 | B17: 东塔台协调席 | C17: 0.45885417 | D17: 完成 | E17: 0.54899306 | F17: =(IF(E17-C17<0,"24:00"-C17+E17,E17-C17))*24 -> 2.1633333 | G17: =F17-H17 -> 2.1633333 | H17: =(IF(AND(C17>=$O$3,C17<$P$3,E17>=$O$3,E17<$P$3),E17-C17,IF(AND(C17>=$O$3,C17<$P$3,E17>=$P$3,E17<$N$3),$P$3-C17,IF(AND(C17>=$P$3,C17<$N$3,E17>=$O$3,E17<$P$3),E17,IF(AND(C17>=$P$3,C17<$N$3,E17>=$P$3,E17<$N$3),"0","none")))))*24 -> 0 | I17: 席位执勤小时 | J17: =J4+J5+J6+J7+J10 -> 26.98 | K17: =K4+K5+K6+K7+K10 -> 20.414444 | L17: =L4+L5+L6+L7+L10 -> 6.5655556
A18: =IF(B18="","",IF(A18="",NOW(),A18)) -> 46225.626 | B18: 东塔台管制席 | C18: 0.62640046 | D18: 完成 | E18: 0.75665509 | F18: =(IF(E18-C18<0,"24:00"-C18+E18,E18-C18))*24 -> 3.1261111 | G18: =F18-H18 -> 3.1261111 | H18: =(IF(AND(C18>=$O$3,C18<$P$3,E18>=$O$3,E18<$P$3),E18-C18,IF(AND(C18>=$O$3,C18<$P$3,E18>=$P$3,E18<$N$3),$P$3-C18,IF(AND(C18>=$P$3,C18<$N$3,E18>=$O$3,E18<$P$3),E18,IF(AND(C18>=$P$3,C18<$N$3,E18>=$P$3,E18<$N$3),"0","none")))))*24 -> 0 | I18: 见习管制员小时 | J18: =J11 -> 0 | K18: =K11 -> 0 | L18: =L11 -> 0
A19: =IF(B19="","",IF(A19="",NOW(),A19)) -> 46225.835 | B19: 东塔台协调席 | C19: 0.835 | D19: 完成 | E19: 0.9568287 | F19: =(IF(E19-C19<0,"24:00"-C19+E19,E19-C19))*24 -> 2.9238889 | G19: =F19-H19 -> 2.9238889 | H19: =(IF(AND(C19>=$O$3,C19<$P$3,E19>=$O$3,E19<$P$3),E19-C19,IF(AND(C19>=$O$3,C19<$P$3,E19>=$P$3,E19<$N$3),$P$3-C19,IF(AND(C19>=$P$3,C19<$N$3,E19>=$O$3,E19<$P$3),E19,IF(AND(C19>=$P$3,C19<$N$3,E19>=$P$3,E19<$N$3),"0","none")))))*24 -> 0 | I19: 管制教员小时 | J19: =J12 -> 0 | K19: =K12 -> 0 | L19: =L12 -> 0
A20: =IF(B20="","",IF(A20="",NOW(),A20)) -> 46226.3 | B20: 东塔台管制席 | C20: 0.30030093 | D20: 完成 | E20: 0.36376157 | F20: =(IF(E20-C20<0,"24:00"-C20+E20,E20-C20))*24 -> 1.5230556 | G20: =F20-H20 -> 0.73027778 | H20: =(IF(AND(C20>=$O$3,C20<$P$3,E20>=$O$3,E20<$P$3),E20-C20,IF(AND(C20>=$O$3,C20<$P$3,E20>=$P$3,E20<$N$3),$P$3-C20,IF(AND(C20>=$P$3,C20<$N$3,E20>=$O$3,E20<$P$3),E20,IF(AND(C20>=$P$3,C20<$N$3,E20>=$P$3,E20<$N$3),"0","none")))))*24 -> 0.79277778 | I20: 月度总小时 | J20: =J16+J17+J18+J19 -> 85.231111
A21: =IF(B21="","",IF(A21="",NOW(),A21)) -> 46228.353 | B21: 带班主任 | C21: 0.35252315 | D21: 完成 | E21: 0.538125 | F21: =(IF(E21-C21<0,"24:00"-C21+E21,E21-C21))*24 -> 4.4544444 | G21: =F21-H21 -> 4.4544444 | H21: =(IF(AND(C21>=$O$3,C21<$P$3,E21>=$O$3,E21<$P$3),E21-C21,IF(AND(C21>=$O$3,C21<$P$3,E21>=$P$3,E21<$N$3),$P$3-C21,IF(AND(C21>=$P$3,C21<$N$3,E21>=$O$3,E21<$P$3),E21,IF(AND(C21>=$P$3,C21<$N$3,E21>=$P$3,E21<$N$3),"0","none")))))*24 -> 0 | I21: 调度席 | J21: =SUM(J8:J9) -> 0 | K21: =SUM(K8:K9) -> 0 | L21: =SUM(L8:L9) -> 0
A22: =IF(B22="","",IF(A22="",NOW(),A22)) -> 46228.648 | B22: 带班主任 | C22: 0.64810185 | D22: 完成 | E22: 0.77821759 | F22: =(IF(E22-C22<0,"24:00"-C22+E22,E22-C22))*24 -> 3.1227778 | G22: =F22-H22 -> 3.1227778 | H22: =(IF(AND(C22>=$O$3,C22<$P$3,E22>=$O$3,E22<$P$3),E22-C22,IF(AND(C22>=$O$3,C22<$P$3,E22>=$P$3,E22<$N$3),$P$3-C22,IF(AND(C22>=$P$3,C22<$N$3,E22>=$O$3,E22<$P$3),E22,IF(AND(C22>=$P$3,C22<$N$3,E22>=$P$3,E22<$N$3),"0","none")))))*24 -> 0
A23: =IF(B23="","",IF(A23="",NOW(),A23)) -> 46229.523 | B23: 带班主任 | C23: 0.52332176 | D23: 完成 | E23: 0.65164352 | F23: =(IF(E23-C23<0,"24:00"-C23+E23,E23-C23))*24 -> 3.0797222 | G23: =F23-H23 -> 3.0797222 | H23: =(IF(AND(C23>=$O$3,C23<$P$3,E23>=$O$3,E23<$P$3),E23-C23,IF(AND(C23>=$O$3,C23<$P$3,E23>=$P$3,E23<$N$3),$P$3-C23,IF(AND(C23>=$P$3,C23<$N$3,E23>=$O$3,E23<$P$3),E23,IF(AND(C23>=$P$3,C23<$N$3,E23>=$P$3,E23<$N$3),"0","none")))))*24 -> 0
A24: =IF(B24="","",IF(A24="",NOW(),A24)) -> 46229.773 | B24: 带班主任 | C24: 0.77295139 | D24: 完成 | E24: 0.94350694 | F24: =(IF(E24-C24<0,"24:00"-C24+E24,E24-C24))*24 -> 4.0933333 | G24: =F24-H24 -> 4.0933333 | H24: =(IF(AND(C24>=$O$3,C24<$P$3,E24>=$O$3,E24<$P$3),E24-C24,IF(AND(C24>=$O$3,C24<$P$3,E24>=$P$3,E24<$N$3),$P$3-C24,IF(AND(C24>=$P$3,C24<$N$3,E24>=$O$3,E24<$P$3),E24,IF(AND(C24>=$P$3,C24<$N$3,E24>=$P$3,E24<$N$3),"0","none")))))*24 -> 0
A25: =IF(B25="","",IF(A25="",NOW(),A25)) -> 46230.294 | B25: 带班主任 | C25: 0.29383102 | D25: 完成 | E25: 0.36521991 | F25: =(IF(E25-C25<0,"24:00"-C25+E25,E25-C25))*24 -> 1.7133333 | G25: =F25-H25 -> 0.76527778 | H25: =(IF(AND(C25>=$O$3,C25<$P$3,E25>=$O$3,E25<$P$3),E25-C25,IF(AND(C25>=$O$3,C25<$P$3,E25>=$P$3,E25<$N$3),$P$3-C25,IF(AND(C25>=$P$3,C25<$N$3,E25>=$O$3,E25<$P$3),E25,IF(AND(C25>=$P$3,C25<$N$3,E25>=$P$3,E25<$N$3),"0","none")))))*24 -> 0.94805556
A26: =IF(B26="","",IF(A26="",NOW(),A26)) -> 46232.536 | B26: 带班主任 | C26: 0.53633102 | D26: 完成 | E26: 0.78034722 | F26: =(IF(E26-C26<0,"24:00"-C26+E26,E26-C26))*24 -> 5.8563889 | G26: =F26-H26 -> 5.8563889 | H26: =(IF(AND(C26>=$O$3,C26<$P$3,E26>=$O$3,E26<$P$3),E26-C26,IF(AND(C26>=$O$3,C26<$P$3,E26>=$P$3,E26<$N$3),$P$3-C26,IF(AND(C26>=$P$3,C26<$N$3,E26>=$O$3,E26<$P$3),E26,IF(AND(C26>=$P$3,C26<$N$3,E26>=$P$3,E26<$N$3),"0","none")))))*24 -> 0
A27: =IF(B27="","",IF(A27="",NOW(),A27)) -> 46233.133 | B27: 带班主任 | C27: 0.13328704 | D27: 完成 | E27: 0.26523148 | F27: =(IF(E27-C27<0,"24:00"-C27+E27,E27-C27))*24 -> 3.1666667 | G27: =F27-H27 -> 0 | H27: =(IF(AND(C27>=$O$3,C27<$P$3,E27>=$O$3,E27<$P$3),E27-C27,IF(AND(C27>=$O$3,C27<$P$3,E27>=$P$3,E27<$N$3),$P$3-C27,IF(AND(C27>=$P$3,C27<$N$3,E27>=$O$3,E27<$P$3),E27,IF(AND(C27>=$P$3,C27<$N$3,E27>=$P$3,E27<$N$3),"0","none")))))*24 -> 3.1666667
A28: =IF(B28="","",IF(A28="",NOW(),A28)) -> 46233.28 | B28: 带班主任 | C28: 0.27962963 | D28: 完成 | E28: 0.29885417 | F28: =(IF(E28-C28<0,"24:00"-C28+E28,E28-C28))*24 -> 0.46138889 | G28: =F28-H28 -> 0 | H28: =(IF(AND(C28>=$O$3,C28<$P$3,E28>=$O$3,E28<$P$3),E28-C28,IF(AND(C28>=$O$3,C28<$P$3,E28>=$P$3,E28<$N$3),$P$3-C28,IF(AND(C28>=$P$3,C28<$N$3,E28>=$O$3,E28<$P$3),E28,IF(AND(C28>=$P$3,C28<$N$3,E28>=$P$3,E28<$N$3),"0","none")))))*24 -> 0.46138889
A29: =IF(B29="","",IF(A29="",NOW(),A29)) -> 46233.773 | B29: 带班主任 | C29: 0.77262731 | D29: 完成 | E29: 0.94479167 | F29: =(IF(E29-C29<0,"24:00"-C29+E29,E29-C29))*24 -> 4.1319444 | G29: =F29-H29 -> 4.1319444 | H29: =(IF(AND(C29>=$O$3,C29<$P$3,E29>=$O$3,E29<$P$3),E29-C29,IF(AND(C29>=$O$3,C29<$P$3,E29>=$P$3,E29<$N$3),$P$3-C29,IF(AND(C29>=$P$3,C29<$N$3,E29>=$O$3,E29<$P$3),E29,IF(AND(C29>=$P$3,C29<$N$3,E29>=$P$3,E29<$N$3),"0","none")))))*24 -> 0
A30: =IF(B30="","",IF(A30="",NOW(),A30)) -> 46234.302 | B30: 带班主任 | C30: 0.3016088 | D30: 完成 | E30: 0.3603125 | F30: =(IF(E30-C30<0,"24:00"-C30+E30,E30-C30))*24 -> 1.4088889 | G30: =F30-H30 -> 0.6475 | H30: =(IF(AND(C30>=$O$3,C30<$P$3,E30>=$O$3,E30<$P$3),E30-C30,IF(AND(C30>=$O$3,C30<$P$3,E30>=$P$3,E30<$N$3),$P$3-C30,IF(AND(C30>=$P$3,C30<$N$3,E30>=$O$3,E30<$P$3),E30,IF(AND(C30>=$P$3,C30<$N$3,E30>=$P$3,E30<$N$3),"0","none")))))*24 -> 0.76138889
A31: =IF(B31="","",IF(A31="",NOW(),A31)) | F31: =(IF(E31-C31<0,"24:00"-C31+E31,E31-C31))*24 -> 0 | G31: =F31-H31 -> 0 | H31: =(IF(AND(C31>=$O$3,C31<$P$3,E31>=$O$3,E31<$P$3),E31-C31,IF(AND(C31>=$O$3,C31<$P$3,E31>=$P$3,E31<$N$3),$P$3-C31,IF(AND(C31>=$P$3,C31<$N$3,E31>=$O$3,E31<$P$3),E31,IF(AND(C31>=$P$3,C31<$N$3,E31>=$P$3,E31<$N$3),"0","none")))))*24 -> 0
A32: =IF(B32="","",IF(A32="",NOW(),A32)) | F32: =(IF(E32-C32<0,"24:00"-C32+E32,E32-C32))*24 -> 0 | G32: =F32-H32 -> 0 | H32: =(IF(AND(C32>=$O$3,C32<$P$3,E32>=$O$3,E32<$P$3),E32-C32,IF(AND(C32>=$O$3,C32<$P$3,E32>=$P$3,E32<$N$3),$P$3-C32,IF(AND(C32>=$P$3,C32<$N$3,E32>=$O$3,E32<$P$3),E32,IF(AND(C32>=$P$3,C32<$N$3,E32>=$P$3,E32<$N$3),"0","none")))))*24 -> 0
A33: =IF(B33="","",IF(A33="",NOW(),A33)) | F33: =(IF(E33-C33<0,"24:00"-C33+E33,E33-C33))*24 -> 0 | G33: =F33-H33 -> 0 | H33: =(IF(AND(C33>=$O$3,C33<$P$3,E33>=$O$3,E33<$P$3),E33-C33,IF(AND(C33>=$O$3,C33<$P$3,E33>=$P$3,E33<$N$3),$P$3-C33,IF(AND(C33>=$P$3,C33<$N$3,E33>=$O$3,E33<$P$3),E33,IF(AND(C33>=$P$3,C33<$N$3,E33>=$P$3,E33<$N$3),"0","none")))))*24 -> 0
A34: =IF(B34="","",IF(A34="",NOW(),A34)) | F34: =(IF(E34-C34<0,"24:00"-C34+E34,E34-C34))*24 -> 0 | G34: =F34-H34 -> 0 | H34: =(IF(AND(C34>=$O$3,C34<$P$3,E34>=$O$3,E34<$P$3),E34-C34,IF(AND(C34>=$O$3,C34<$P$3,E34>=$P$3,E34<$N$3),$P$3-C34,IF(AND(C34>=$P$3,C34<$N$3,E34>=$O$3,E34<$P$3),E34,IF(AND(C34>=$P$3,C34<$N$3,E34>=$P$3,E34<$N$3),"0","none")))))*24 -> 0
A35: =IF(B35="","",IF(A35="",NOW(),A35)) | F35: =(IF(E35-C35<0,"24:00"-C35+E35,E35-C35))*24 -> 0 | G35: =F35-H35 -> 0 | H35: =(IF(AND(C35>=$O$3,C35<$P$3,E35>=$O$3,E35<$P$3),E35-C35,IF(AND(C35>=$O$3,C35<$P$3,E35>=$P$3,E35<$N$3),$P$3-C35,IF(AND(C35>=$P$3,C35<$N$3,E35>=$O$3,E35<$P$3),E35,IF(AND(C35>=$P$3,C35<$N$3,E35>=$P$3,E35<$N$3),"0","none")))))*24 -> 0
A36: =IF(B36="","",IF(A36="",NOW(),A36)) | F36: =(IF(E36-C36<0,"24:00"-C36+E36,E36-C36))*24 -> 0 | G36: =F36-H36 -> 0 | H36: =(IF(AND(C36>=$O$3,C36<$P$3,E36>=$O$3,E36<$P$3),E36-C36,IF(AND(C36>=$O$3,C36<$P$3,E36>=$P$3,E36<$N$3),$P$3-C36,IF(AND(C36>=$P$3,C36<$N$3,E36>=$O$3,E36<$P$3),E36,IF(AND(C36>=$P$3,C36<$N$3,E36>=$P$3,E36<$N$3),"0","none")))))*24 -> 0
A37: =IF(B37="","",IF(A37="",NOW(),A37)) | F37: =(IF(E37-C37<0,"24:00"-C37+E37,E37-C37))*24 -> 0 | G37: =F37-H37 -> 0 | H37: =(IF(AND(C37>=$O$3,C37<$P$3,E37>=$O$3,E37<$P$3),E37-C37,IF(AND(C37>=$O$3,C37<$P$3,E37>=$P$3,E37<$N$3),$P$3-C37,IF(AND(C37>=$P$3,C37<$N$3,E37>=$O$3,E37<$P$3),E37,IF(AND(C37>=$P$3,C37<$N$3,E37>=$P$3,E37<$N$3),"0","none")))))*24 -> 0
A38: =IF(B38="","",IF(A38="",NOW(),A38)) | F38: =(IF(E38-C38<0,"24:00"-C38+E38,E38-C38))*24 -> 0 | G38: =F38-H38 -> 0 | H38: =(IF(AND(C38>=$O$3,C38<$P$3,E38>=$O$3,E38<$P$3),E38-C38,IF(AND(C38>=$O$3,C38<$P$3,E38>=$P$3,E38<$N$3),$P$3-C38,IF(AND(C38>=$P$3,C38<$N$3,E38>=$O$3,E38<$P$3),E38,IF(AND(C38>=$P$3,C38<$N$3,E38>=$P$3,E38<$N$3),"0","none")))))*24 -> 0
A39: =IF(B39="","",IF(A39="",NOW(),A39)) | F39: =(IF(E39-C39<0,"24:00"-C39+E39,E39-C39))*24 -> 0 | G39: =F39-H39 -> 0 | H39: =(IF(AND(C39>=$O$3,C39<$P$3,E39>=$O$3,E39<$P$3),E39-C39,IF(AND(C39>=$O$3,C39<$P$3,E39>=$P$3,E39<$N$3),$P$3-C39,IF(AND(C39>=$P$3,C39<$N$3,E39>=$O$3,E39<$P$3),E39,IF(AND(C39>=$P$3,C39<$N$3,E39>=$P$3,E39<$N$3),"0","none")))))*24 -> 0
A40: =IF(B40="","",IF(A40="",NOW(),A40)) | F40: =(IF(E40-C40<0,"24:00"-C40+E40,E40-C40))*24 -> 0 | G40: =F40-H40 -> 0 | H40: =(IF(AND(C40>=$O$3,C40<$P$3,E40>=$O$3,E40<$P$3),E40-C40,IF(AND(C40>=$O$3,C40<$P$3,E40>=$P$3,E40<$N$3),$P$3-C40,IF(AND(C40>=$P$3,C40<$N$3,E40>=$O$3,E40<$P$3),E40,IF(AND(C40>=$P$3,C40<$N$3,E40>=$P$3,E40<$N$3),"0","none")))))*24 -> 0
A41: =IF(B41="","",IF(A41="",NOW(),A41)) | F41: =(IF(E41-C41<0,"24:00"-C41+E41,E41-C41))*24 -> 0 | G41: =F41-H41 -> 0 | H41: =(IF(AND(C41>=$O$3,C41<$P$3,E41>=$O$3,E41<$P$3),E41-C41,IF(AND(C41>=$O$3,C41<$P$3,E41>=$P$3,E41<$N$3),$P$3-C41,IF(AND(C41>=$P$3,C41<$N$3,E41>=$O$3,E41<$P$3),E41,IF(AND(C41>=$P$3,C41<$N$3,E41>=$P$3,E41<$N$3),"0","none")))))*24 -> 0
A42: =IF(B42="","",IF(A42="",NOW(),A42)) | F42: =(IF(E42-C42<0,"24:00"-C42+E42,E42-C42))*24 -> 0 | G42: =F42-H42 -> 0 | H42: =(IF(AND(C42>=$O$3,C42<$P$3,E42>=$O$3,E42<$P$3),E42-C42,IF(AND(C42>=$O$3,C42<$P$3,E42>=$P$3,E42<$N$3),$P$3-C42,IF(AND(C42>=$P$3,C42<$N$3,E42>=$O$3,E42<$P$3),E42,IF(AND(C42>=$P$3,C42<$N$3,E42>=$P$3,E42<$N$3),"0","none")))))*24 -> 0
... A160: =IF(B160="","",IF(A160="",NOW(),A160)) | F160: =(IF(E160-C160<0,"24:00"-C160+E160,E160-C160))*24 -> 0 | G160: =F160-H160 -> 0 | H160: =(IF(AND(C160>=$O$3,C160<$P$3,E160>=$O$3,E160<$P$3),E160-C160,IF(AND(C160>=$O$3,C160<$P$3,E160>=$P$3,E160<$N$3),$P$3-C160,IF(AND(C160>=$P$3,C160<$N$3,E160>=$O$3,E160<$P$3),E160,IF(AND(C160>=$P$3,C160<$N$3,E160>=$P$3,E160<$N$3),"0","none")))))*24 -> 0
A161: =IF(B161="","",IF(A161="",NOW(),A161)) | F161: =(IF(E161-C161<0,"24:00"-C161+E161,E161-C161))*24 -> 0
A162: =IF(B162="","",IF(A162="",NOW(),A162)) | F162: =(IF(E162-C162<0,"24:00"-C162+E162,E162-C162))*24 -> 0
A163: =IF(B163="","",IF(A163="",NOW(),A163)) | F163: =(IF(E163-C163<0,"24:00"-C163+E163,E163-C163))*24 -> 0
A164: =IF(B164="","",IF(A164="",NOW(),A164)) | F164: =(IF(E164-C164<0,"24:00"-C164+E164,E164-C164))*24 -> 0
A165: =IF(B165="","",IF(A165="",NOW(),A165)) | F165: =(IF(E165-C165<0,"24:00"-C165+E165,E165-C165))*24 -> 0
A166: =IF(B166="","",IF(A166="",NOW(),A166)) | F166: =(IF(E166-C166<0,"24:00"-C166+E166,E166-C166))*24 -> 0
A167: =IF(B167="","",IF(A167="",NOW(),A167)) | F167: =(IF(E167-C167<0,"24:00"-C167+E167,E167-C167))*24 -> 0
A168: =IF(B168="","",IF(A168="",NOW(),A168)) | F168: =(IF(E168-C168<0,"24:00"-C168+E168,E168-C168))*24 -> 0
A169: =IF(B169="","",IF(A169="",NOW(),A169)) | F169: =(IF(E169-C169<0,"24:00"-C169+E169,E169-C169))*24 -> 0
A170: =IF(B170="","",IF(A170="",NOW(),A170)) | F170: =(IF(E170-C170<0,"24:00"-C170+E170,E170-C170))*24 -> 0
A171: =IF(B171="","",IF(A171="",NOW(),A171)) | F171: =(IF(E171-C171<0,"24:00"-C171+E171,E171-C171))*24 -> 0
A172: =IF(B172="","",IF(A172="",NOW(),A172)) | F172: =(IF(E172-C172<0,"24:00"-C172+E172,E172-C172))*24 -> 0
... A205: =IF(B205="","",IF(A205="",NOW(),A205)) | F205: =(IF(E205-C205<0,"24:00"-C205+E205,E205-C205))*24 -> 0
A206: =IF(B206="","",IF(A206="",NOW(),A206)) | F206: =IF(E206-C206<0,"24:00"-C206+E206,E206-C206) -> 0
A207: =IF(B207="","",IF(A207="",NOW(),A207)) | F207: =IF(E207-C207<0,"24:00"-C207+E207,E207-C207) -> 0
A208: =IF(B208="","",IF(A208="",NOW(),A208)) | F208: =IF(E208-C208<0,"24:00"-C208+E208,E208-C208) -> 0
A209: =IF(B209="","",IF(A209="",NOW(),A209)) | F209: =IF(E209-C209<0,"24:00"-C209+E209,E209-C209) -> 0
A210: =IF(B210="","",IF(A210="",NOW(),A210)) | F210: =IF(E210-C210<0,"24:00"-C210+E210,E210-C210) -> 0
A211: =IF(B211="","",IF(A211="",NOW(),A211)) | F211: =IF(E211-C211<0,"24:00"-C211+E211,E211-C211) -> 0
A212: =IF(B212="","",IF(A212="",NOW(),A212)) | F212: =IF(E212-C212<0,"24:00"-C212+E212,E212-C212) -> 0
A213: =IF(B213="","",IF(A213="",NOW(),A213)) | F213: =IF(E213-C213<0,"24:00"-C213+E213,E213-C213) -> 0
A214: =IF(B214="","",IF(A214="",NOW(),A214)) | F214: =IF(E214-C214<0,"24:00"-C214+E214,E214-C214) -> 0
A215: =IF(B215="","",IF(A215="",NOW(),A215)) | F215: =IF(E215-C215<0,"24:00"-C215+E215,E215-C215) -> 0
A216: =IF(B216="","",IF(A216="",NOW(),A216)) | F216: =IF(E216-C216<0,"24:00"-C216+E216,E216-C216) -> 0
A217: =IF(B217="","",IF(A217="",NOW(),A217)) | F217: =IF(E217-C217<0,"24:00"-C217+E217,E217-C217) -> 0
... A339: =IF(B339="","",IF(A339="",NOW(),A339)) | F339: =IF(E339-C339<0,"24:00"-C339+E339,E339-C339) -> 0

Sheet 刘国莲
A1: 返回目录
A2: 日 期 | B2: 岗 位 | C2: 上岗时刻 | D2: 交接班 | E2: 离岗时刻 | F2: 时段工作小时 | G2: 白班小时 | H2: 夜班小时 (0200-0800) | I2: 统 计 | J2: 各席位总小时 | K2: 白班小时 | L2: 夜班小时 (0000-0800) | M2: 备注
A3: =IF(B3="","",IF(A3="",NOW(),A3)) -> 46204.506 | B3: 东塔台管制席 | C3: 0.50581019 | D3: 完成 | E3: 0.63320602 | F3: =(IF(E3-C3<0,"24:00"-C3+E3,E3-C3))*24 -> 3.0575 | G3: =F3-H3 -> 3.0575 | H3: =(IF(AND(C3>=$O$3,C3<$P$3,E3>=$O$3,E3<$P$3),E3-C3,IF(AND(C3>=$O$3,C3<$P$3,E3>=$P$3,E3<$N$3),$P$3-C3,IF(AND(C3>=$P$3,C3<$N$3,E3>=$O$3,E3<$P$3),E3,IF(AND(C3>=$P$3,C3<$N$3,E3>=$P$3,E3<$N$3),"0","none")))))*24 -> 0 | I3: 带班主任席执勤小时 | J3: =SUMIF(B:B,"带班主任",F:F) -> 0 | K3: =SUMIF(B:B,"带班主任",G:G) -> 0 | L3: =SUMIF(B:B,"带班主任",H:H) -> 0 | N3: 0.99998843 | O3: 0 | P3: 0.33333333
A4: =IF(B4="","",IF(A4="",NOW(),A4)) -> 46204.755 | B4: 东塔台协调席 | C4: 0.75511574 | D4: 完成 | E4: 0.88053241 | F4: =(IF(E4-C4<0,"24:00"-C4+E4,E4-C4))*24 -> 3.01 | G4: =F4-H4 -> 3.01 | H4: =(IF(AND(C4>=$O$3,C4<$P$3,E4>=$O$3,E4<$P$3),E4-C4,IF(AND(C4>=$O$3,C4<$P$3,E4>=$P$3,E4<$N$3),$P$3-C4,IF(AND(C4>=$P$3,C4<$N$3,E4>=$O$3,E4<$P$3),E4,IF(AND(C4>=$P$3,C4<$N$3,E4>=$P$3,E4<$N$3),"0","none")))))*24 -> 0 | I4: 机场管制席执勤小时 | J4: =SUMIF(B:B,"西塔台管制席",F:F)+SUMIF(B:B,"东塔台管制席",F:F) -> 28.340833 | K4: =SUMIF(B:B,"西塔台管制席",G:G)+SUMIF(B:B,"东塔台管制席",G:G) -> 15.514167 | L4: =SUMIF(B:B,"西塔台管制席",H:H)+SUMIF(B:B,"东塔台管制席",H:H) -> 12.826667
A5: =IF(B5="","",IF(A5="",NOW(),A5)) -> 46205.377 | B5: 航班调度席 | C5: 0.37671296 | D5: 完成 | E5: 0.52189815 | F5: =(IF(E5-C5<0,"24:00"-C5+E5,E5-C5))*24 -> 3.4844444 | G5: =F5-H5 -> 3.4844444 | H5: =(IF(AND(C5>=$O$3,C5<$P$3,E5>=$O$3,E5<$P$3),E5-C5,IF(AND(C5>=$O$3,C5<$P$3,E5>=$P$3,E5<$N$3),$P$3-C5,IF(AND(C5>=$P$3,C5<$N$3,E5>=$O$3,E5<$P$3),E5,IF(AND(C5>=$P$3,C5<$N$3,E5>=$P$3,E5<$N$3),"0","none")))))*24 -> 0 | I5: 机场协调席执勤小时 | J5: =SUMIF(B:B,"西塔台协调席",F:F)+SUMIF(B:B,"东塔台协调席",F:F) -> 40.082778 | K5: =SUMIF(B:B,"西塔台协调席",G:G)+SUMIF(B:B,"东塔台协调席",G:G) -> 24.613611 | L5: =SUMIF(B:B,"西塔台协调席",H:H)+SUMIF(B:B,"东塔台协调席",H:H) -> 15.469167
A6: =IF(B6="","",IF(A6="",NOW(),A6)) -> 46205.606 | B6: 航班调度席 | C6: 0.60766204 | D6: 完成 | E6: 0.76946759 | F6: =(IF(E6-C6<0,"24:00"-C6+E6,E6-C6))*24 -> 3.8833333 | G6: =F6-H6 -> 3.8833333 | H6: =(IF(AND(C6>=$O$3,C6<$P$3,E6>=$O$3,E6<$P$3),E6-C6,IF(AND(C6>=$O$3,C6<$P$3,E6>=$P$3,E6<$N$3),$P$3-C6,IF(AND(C6>=$P$3,C6<$N$3,E6>=$O$3,E6<$P$3),E6,IF(AND(C6>=$P$3,C6<$N$3,E6>=$P$3,E6<$N$3),"0","none")))))*24 -> 0 | I6: 放行席执勤小时 | J6: =SUMIF(B:B,"放行席",F:F) -> 2.5772222 | K6: =SUMIF(B:B,"放行席",G:G) -> 0 | L6: =SUMIF(B:B,"放行席",H:H) -> 2.5772222
A7: =IF(B7="","",IF(A7="",NOW(),A7)) -> 46206.017 | B7: 西塔台协调席 | C7: 0.017303241 | D7: 完成 | E7: 0.11384259 | F7: =(IF(E7-C7<0,"24:00"-C7+E7,E7-C7))*24 -> 2.3169444 | G7: =F7-H7 -> 0 | H7: =(IF(AND(C7>=$O$3,C7<$P$3,E7>=$O$3,E7<$P$3),E7-C7,IF(AND(C7>=$O$3,C7<$P$3,E7>=$P$3,E7<$N$3),$P$3-C7,IF(AND(C7>=$P$3,C7<$N$3,E7>=$O$3,E7<$P$3),E7,IF(AND(C7>=$P$3,C7<$N$3,E7>=$P$3,E7<$N$3),"0","none")))))*24 -> 2.3169444 | I7: 地面席执勤小时 | J7: =SUMIF(B:B,"地面席",F:F) -> 2.1533333 | K7: =SUMIF(B:B,"地面席",G:G) -> 0 | L7: =SUMIF(B:B,"地面席",H:H) -> 2.1533333
A8: =IF(B8="","",IF(A8="",NOW(),A8)) -> 46209.953 | B8: 西塔台协调席 | C8: 0.95261574 | D8: 完成 | E8: 0.14771991 | F8: =(IF(E8-C8<0,"24:00"-C8+E8,E8-C8))*24 -> 4.6825 | G8: =F8-H8 -> 1.1372222 | H8: =(IF(AND(C8>=$O$3,C8<$P$3,E8>=$O$3,E8<$P$3),E8-C8,IF(AND(C8>=$O$3,C8<$P$3,E8>=$P$3,E8<$N$3),$P$3-C8,IF(AND(C8>=$P$3,C8<$N$3,E8>=$O$3,E8<$P$3),E8,IF(AND(C8>=$P$3,C8<$N$3,E8>=$P$3,E8<$N$3),"0","none")))))*24 -> 3.5452778 | I8: 生产调度席执勤小时 | J8: =SUMIF(B:B,"生产调度席",F:F) -> 0 | K8: =SUMIF(B:B,"生产调度席",G:G) -> 0 | L8: =SUMIF(B:B,"生产调度席",H:H) -> 0
A9: =IF(B9="","",IF(A9="",NOW(),A9)) -> 46213.139 | B9: 东塔台管制席 | C9: 0.13899306 | D9: 完成 | E9: 0.24547454 | F9: =(IF(E9-C9<0,"24:00"-C9+E9,E9-C9))*24 -> 2.5555556 | G9: =F9-H9 -> 0 | H9: =(IF(AND(C9>=$O$3,C9<$P$3,E9>=$O$3,E9<$P$3),E9-C9,IF(AND(C9>=$O$3,C9<$P$3,E9>=$P$3,E9<$N$3),$P$3-C9,IF(AND(C9>=$P$3,C9<$N$3,E9>=$O$3,E9<$P$3),E9,IF(AND(C9>=$P$3,C9<$N$3,E9>=$P$3,E9<$N$3),"0","none")))))*24 -> 2.5555556 | I9: 航班调度席执勤小时 | J9: =SUMIF(B:B,"航班调度席",F:F) -> 7.3677778 | K9: =SUMIF(B:B,"航班调度席",G:G) -> 7.3677778 | L9: =SUMIF(B:B,"航班调度席",H:H) -> 0
A10: =IF(B10="","",IF(A10="",NOW(),A10)) -> 46213.246 | B10: 西塔台协调席 | C10: 0.24549769 | D10: 完成 | E10: 0.30806713 | F10: =(IF(E10-C10<0,"24:00"-C10+E10,E10-C10))*24 -> 1.5016667 | G10: =F10-H10 -> 0 | H10: =(IF(AND(C10>=$O$3,C10<$P$3,E10>=$O$3,E10<$P$3),E10-C10,IF(AND(C10>=$O$3,C10<$P$3,E10>=$P$3,E10<$N$3),$P$3-C10,IF(AND(C10>=$P$3,C10<$N$3,E10>=$O$3,E10<$P$3),E10,IF(AND(C10>=$P$3,C10<$N$3,E10>=$P$3,E10<$N$3),"0","none")))))*24 -> 1.5016667 | I10: 综合协调席小时 | J10: =SUMIF(B:B,"综合协调席",F:F) -> 0 | K10: =SUMIF(B:B,"综合协调席",G:G) -> 0 | L10: =SUMIF(B:B,"综合协调席",H:H) -> 0
A11: =IF(B11="","",IF(A11="",NOW(),A11)) -> 46214.139 | B11: 地面席 | C11: 0.13909722 | D11: 完成 | E11: 0.22881944 | F11: =(IF(E11-C11<0,"24:00"-C11+E11,E11-C11))*24 -> 2.1533333 | G11: =F11-H11 -> 0 | H11: =(IF(AND(C11>=$O$3,C11<$P$3,E11>=$O$3,E11<$P$3),E11-C11,IF(AND(C11>=$O$3,C11<$P$3,E11>=$P$3,E11<$N$3),$P$3-C11,IF(AND(C11>=$P$3,C11<$N$3,E11>=$O$3,E11<$P$3),E11,IF(AND(C11>=$P$3,C11<$N$3,E11>=$P$3,E11<$N$3),"0","none")))))*24 -> 2.1533333 | I11: 见习管制员小时 | J11: =SUMIF(B:B,"见习管制员",F:F) -> 0 | K11: =SUMIF(B:B,"见习管制员",G:G) -> 0 | L11: =SUMIF(B:B,"见习管制员",H:H) -> 0
A12: =IF(B12="","",IF(A12="",NOW(),A12)) -> 46216.356 | B12: 东塔台协调席 | C12: 0.35575231 | D12: 完成 | E12: 0.50877315 | F12: =(IF(E12-C12<0,"24:00"-C12+E12,E12-C12))*24 -> 3.6725 | G12: =F12-H12 -> 3.6725 | H12: =(IF(AND(C12>=$O$3,C12<$P$3,E12>=$O$3,E12<$P$3),E12-C12,IF(AND(C12>=$O$3,C12<$P$3,E12>=$P$3,E12<$N$3),$P$3-C12,IF(AND(C12>=$P$3,C12<$N$3,E12>=$O$3,E12<$P$3),E12,IF(AND(C12>=$P$3,C12<$N$3,E12>=$P$3,E12<$N$3),"0","none")))))*24 -> 0 | I12: 管制教员席小时 | J12: =SUMIF(B:B,"管制教员席",F:F) -> 0 | K12: =SUMIF(B:B,"管制教员席",G:G) -> 0 | L12: =SUMIF(B:B,"管制教员席",H:H) -> 0
A13: =IF(B13="","",IF(A13="",NOW(),A13)) -> 46216.626 | B13: 东塔台管制席 | C13: 0.62638889 | D13: 完成 | E13: 0.75996528 | F13: =(IF(E13-C13<0,"24:00"-C13+E13,E13-C13))*24 -> 3.2058333 | G13: =F13-H13 -> 3.2058333 | H13: =(IF(AND(C13>=$O$3,C13<$P$3,E13>=$O$3,E13<$P$3),E13-C13,IF(AND(C13>=$O$3,C13<$P$3,E13>=$P$3,E13<$N$3),$P$3-C13,IF(AND(C13>=$P$3,C13<$N$3,E13>=$O$3,E13<$P$3),E13,IF(AND(C13>=$P$3,C13<$N$3,E13>=$P$3,E13<$N$3),"0","none")))))*24 -> 0 | I13: 月度总小时统计
A14: =IF(B14="","",IF(A14="",NOW(),A14)) -> 46216.875 | B14: 东塔台协调席 | C14: 0.8750463 | D14: 完成 | E14: 0.95915509 | F14: =(IF(E14-C14<0,"24:00"-C14+E14,E14-C14))*24 -> 2.0186111 | G14: =F14-H14 -> 2.0186111 | H14: =(IF(AND(C14>=$O$3,C14<$P$3,E14>=$O$3,E14<$P$3),E14-C14,IF(AND(C14>=$O$3,C14<$P$3,E14>=$P$3,E14<$N$3),$P$3-C14,IF(AND(C14>=$P$3,C14<$N$3,E14>=$O$3,E14<$P$3),E14,IF(AND(C14>=$P$3,C14<$N$3,E14>=$P$3,E14<$N$3),"0","none")))))*24 -> 0
A15: =IF(B15="","",IF(A15="",NOW(),A15)) -> 46217.3 | B15: 西塔台协调席 | C15: 0.30013889 | D15: 完成 | E15: 0.46770833 | F15: =(IF(E15-C15<0,"24:00"-C15+E15,E15-C15))*24 -> 4.0216667 | G15: =F15-H15 -> 3.225 | H15: =(IF(AND(C15>=$O$3,C15<$P$3,E15>=$O$3,E15<$P$3),E15-C15,IF(AND(C15>=$O$3,C15<$P$3,E15>=$P$3,E15<$N$3),$P$3-C15,IF(AND(C15>=$P$3,C15<$N$3,E15>=$O$3,E15<$P$3),E15,IF(AND(C15>=$P$3,C15<$N$3,E15>=$P$3,E15<$N$3),"0","none")))))*24 -> 0.79666667 | I15: 带班主任席执勤小时 | J15: =J3 -> 0 | K15: =K3 -> 0 | L15: =L3 -> 0
A16: =IF(B16="","",IF(A16="",NOW(),A16)) -> 46217.542 | B16: 西塔台协调席 | C16: 0.54238426 | D16: 完成 | E16: 0.6312037 | F16: =(IF(E16-C16<0,"24:00"-C16+E16,E16-C16))*24 -> 2.1316667 | G16: =F16-H16 -> 2.1316667 | H16: =(IF(AND(C16>=$O$3,C16<$P$3,E16>=$O$3,E16<$P$3),E16-C16,IF(AND(C16>=$O$3,C16<$P$3,E16>=$P$3,E16<$N$3),$P$3-C16,IF(AND(C16>=$P$3,C16<$N$3,E16>=$O$3,E16<$P$3),E16,IF(AND(C16>=$P$3,C16<$N$3,E16>=$P$3,E16<$N$3),"0","none")))))*24 -> 0 | I16: 席位执勤小时 | J16: =J4+J5+J6+J7+J10 -> 73.154167 | K16: =K4+K5+K6+K7+K10 -> 40.127778 | L16: =L4+L5+L6+L7+L10 -> 33.026389
A17: =IF(B17="","",IF(A17="",NOW(),A17)) -> 46217.754 | B17: 西塔台管制席 | C17: 0.75415509 | D17: 完成 | E17: 0.84038194 | F17: =(IF(E17-C17<0,"24:00"-C17+E17,E17-C17))*24 -> 2.0694444 | G17: =F17-H17 -> 2.0694444 | H17: =(IF(AND(C17>=$O$3,C17<$P$3,E17>=$O$3,E17<$P$3),E17-C17,IF(AND(C17>=$O$3,C17<$P$3,E17>=$P$3,E17<$N$3),$P$3-C17,IF(AND(C17>=$P$3,C17<$N$3,E17>=$O$3,E17<$P$3),E17,IF(AND(C17>=$P$3,C17<$N$3,E17>=$P$3,E17<$N$3),"0","none")))))*24 -> 0 | I17: 见习管制员小时 | J17: =J11 -> 0 | K17: =K11 -> 0 | L17: =L11 -> 0
A18: =IF(B18="","",IF(A18="",NOW(),A18)) -> 46220.952 | B18: 东塔台管制席 | C18: 0.95185185 | D18: 完成 | E18: 0.12568287 | F18: =(IF(E18-C18<0,"24:00"-C18+E18,E18-C18))*24 -> 4.1719444 | G18: =F18-H18 -> 1.1555556 | H18: =(IF(AND(C18>=$O$3,C18<$P$3,E18>=$O$3,E18<$P$3),E18-C18,IF(AND(C18>=$O$3,C18<$P$3,E18>=$P$3,E18<$N$3),$P$3-C18,IF(AND(C18>=$P$3,C18<$N$3,E18>=$O$3,E18<$P$3),E18,IF(AND(C18>=$P$3,C18<$N$3,E18>=$P$3,E18<$N$3),"0","none")))))*24 -> 3.0163889 | I18: 管制教员小时 | J18: =J12 -> 0 | K18: =K12 -> 0 | L18: =L12 -> 0
A19: =IF(B19="","",IF(A19="",NOW(),A19)) -> 46222.015 | B19: 西塔台协调席 | C19: 0.01505787 | D19: 完成 | E19: 0.10390046 | F19: =(IF(E19-C19<0,"24:00"-C19+E19,E19-C19))*24 -> 2.1322222 | G19: =F19-H19 -> 0 | H19: =(IF(AND(C19>=$O$3,C19<$P$3,E19>=$O$3,E19<$P$3),E19-C19,IF(AND(C19>=$O$3,C19<$P$3,E19>=$P$3,E19<$N$3),$P$3-C19,IF(AND(C19>=$P$3,C19<$N$3,E19>=$O$3,E19<$P$3),E19,IF(AND(C19>=$P$3,C19<$N$3,E19>=$P$3,E19<$N$3),"0","none")))))*24 -> 2.1322222 | I19: 月度总小时 | J19: =J15+J16+J17+J18 -> 73.154167
A20: =IF(B20="","",IF(A20="",NOW(),A20)) -> 46222.104 | B20: 东塔台管制席 | C20: 0.10395833 | D20: 完成 | E20: 0.1446412 | F20: =(IF(E20-C20<0,"24:00"-C20+E20,E20-C20))*24 -> 0.97638889 | G20: =F20-H20 -> 0 | H20: =(IF(AND(C20>=$O$3,C20<$P$3,E20>=$O$3,E20<$P$3),E20-C20,IF(AND(C20>=$O$3,C20<$P$3,E20>=$P$3,E20<$N$3),$P$3-C20,IF(AND(C20>=$P$3,C20<$N$3,E20>=$O$3,E20<$P$3),E20,IF(AND(C20>=$P$3,C20<$N$3,E20>=$P$3,E20<$N$3),"0","none")))))*24 -> 0.97638889 | I20: 调度席 | J20: =SUM(J8:J9) -> 7.3677778 | K20: =SUM(K8:K9) -> 7.3677778 | L20: =SUM(L8:L9) -> 0
A21: =IF(B21="","",IF(A21="",NOW(),A21)) -> 46225.132 | B21: 放行席 | C21: 0.13210648 | D21: 完成 | E21: 0.23949074 | F21: =(IF(E21-C21<0,"24:00"-C21+E21,E21-C21))*24 -> 2.5772222 | G21: =F21-H21 -> 0 | H21: =(IF(AND(C21>=$O$3,C21<$P$3,E21>=$O$3,E21<$P$3),E21-C21,IF(AND(C21>=$O$3,C21<$P$3,E21>=$P$3,E21<$N$3),$P$3-C21,IF(AND(C21>=$P$3,C21<$N$3,E21>=$O$3,E21<$P$3),E21,IF(AND(C21>=$P$3,C21<$N$3,E21>=$P$3,E21<$N$3),"0","none")))))*24 -> 2.5772222
A22: =IF(B22="","",IF(A22="",NOW(),A22)) -> 46226.139 | B22: 西塔台管制席 | C22: 0.13885417 | D22: 完成 | E22: 0.23434028 | F22: =(IF(E22-C22<0,"24:00"-C22+E22,E22-C22))*24 -> 2.2916667 | G22: =F22-H22 -> 0 | H22: =(IF(AND(C22>=$O$3,C22<$P$3,E22>=$O$3,E22<$P$3),E22-C22,IF(AND(C22>=$O$3,C22<$P$3,E22>=$P$3,E22<$N$3),$P$3-C22,IF(AND(C22>=$P$3,C22<$N$3,E22>=$O$3,E22<$P$3),E22,IF(AND(C22>=$P$3,C22<$N$3,E22>=$P$3,E22<$N$3),"0","none")))))*24 -> 2.2916667
A23: =IF(B23="","",IF(A23="",NOW(),A23)) -> 46226.234 | B23: 东塔台协调席 | C23: 0.23445602 | D23: 完成 | E23: 0.3066088 | F23: =(IF(E23-C23<0,"24:00"-C23+E23,E23-C23))*24 -> 1.7316667 | G23: =F23-H23 -> 0 | H23: =(IF(AND(C23>=$O$3,C23<$P$3,E23>=$O$3,E23<$P$3),E23-C23,IF(AND(C23>=$O$3,C23<$P$3,E23>=$P$3,E23<$N$3),$P$3-C23,IF(AND(C23>=$P$3,C23<$N$3,E23>=$O$3,E23<$P$3),E23,IF(AND(C23>=$P$3,C23<$N$3,E23>=$P$3,E23<$N$3),"0","none")))))*24 -> 1.7316667
A24: =IF(B24="","",IF(A24="",NOW(),A24)) -> 46228.504 | B24: 西塔台管制席 | C24: 0.50351852 | D24: 完成 | E24: 0.63190972 | F24: =(IF(E24-C24<0,"24:00"-C24+E24,E24-C24))*24 -> 3.0813889 | G24: =F24-H24 -> 3.0813889 | H24: =(IF(AND(C24>=$O$3,C24<$P$3,E24>=$O$3,E24<$P$3),E24-C24,IF(AND(C24>=$O$3,C24<$P$3,E24>=$P$3,E24<$N$3),$P$3-C24,IF(AND(C24>=$P$3,C24<$N$3,E24>=$O$3,E24<$P$3),E24,IF(AND(C24>=$P$3,C24<$N$3,E24>=$P$3,E24<$N$3),"0","none")))))*24 -> 0
A25: =IF(B25="","",IF(A25="",NOW(),A25)) -> 46228.752 | B25: 西塔台协调席 | C25: 0.75228009 | D25: 完成 | E25: 0.88105324 | F25: =(IF(E25-C25<0,"24:00"-C25+E25,E25-C25))*24 -> 3.0905556 | G25: =F25-H25 -> 3.0905556 | H25: =(IF(AND(C25>=$O$3,C25<$P$3,E25>=$O$3,E25<$P$3),E25-C25,IF(AND(C25>=$O$3,C25<$P$3,E25>=$P$3,E25<$N$3),$P$3-C25,IF(AND(C25>=$P$3,C25<$N$3,E25>=$O$3,E25<$P$3),E25,IF(AND(C25>=$P$3,C25<$N$3,E25>=$P$3,E25<$N$3),"0","none")))))*24 -> 0
A26: =IF(B26="","",IF(A26="",NOW(),A26)) -> 46229.3 | B26: 东塔台协调席 | C26: 0.2996875 | D26: 完成 | E26: 0.46476852 | F26: =(IF(E26-C26<0,"24:00"-C26+E26,E26-C26))*24 -> 3.9619444 | G26: =F26-H26 -> 3.1544444 | H26: =(IF(AND(C26>=$O$3,C26<$P$3,E26>=$O$3,E26<$P$3),E26-C26,IF(AND(C26>=$O$3,C26<$P$3,E26>=$P$3,E26<$N$3),$P$3-C26,IF(AND(C26>=$P$3,C26<$N$3,E26>=$O$3,E26<$P$3),E26,IF(AND(C26>=$P$3,C26<$N$3,E26>=$P$3,E26<$N$3),"0","none")))))*24 -> 0.8075
A27: =IF(B27="","",IF(A27="",NOW(),A27)) -> 46229.542 | B27: 东塔台管制席 | C27: 0.54174769 | D27: 完成 | E27: 0.63079861 | F27: =(IF(E27-C27<0,"24:00"-C27+E27,E27-C27))*24 -> 2.1372222 | G27: =F27-H27 -> 2.1372222 | H27: =(IF(AND(C27>=$O$3,C27<$P$3,E27>=$O$3,E27<$P$3),E27-C27,IF(AND(C27>=$O$3,C27<$P$3,E27>=$P$3,E27<$N$3),$P$3-C27,IF(AND(C27>=$P$3,C27<$N$3,E27>=$O$3,E27<$P$3),E27,IF(AND(C27>=$P$3,C27<$N$3,E27>=$P$3,E27<$N$3),"0","none")))))*24 -> 0
A28: =IF(B28="","",IF(A28="",NOW(),A28)) -> 46229.755 | B28: 东塔台协调席 | C28: 0.75521991 | D28: 完成 | E28: 0.84023148 | F28: =(IF(E28-C28<0,"24:00"-C28+E28,E28-C28))*24 -> 2.0402778 | G28: =F28-H28 -> 2.0402778 | H28: =(IF(AND(C28>=$O$3,C28<$P$3,E28>=$O$3,E28<$P$3),E28-C28,IF(AND(C28>=$O$3,C28<$P$3,E28>=$P$3,E28<$N$3),$P$3-C28,IF(AND(C28>=$P$3,C28<$N$3,E28>=$O$3,E28<$P$3),E28,IF(AND(C28>=$P$3,C28<$N$3,E28>=$P$3,E28<$N$3),"0","none")))))*24 -> 0
A29: =IF(B29="","",IF(A29="",NOW(),A29)) -> 46230.299 | B29: 东塔台管制席 | C29: 0.29939815 | D29: 完成 | E29: 0.36696759 | F29: =(IF(E29-C29<0,"24:00"-C29+E29,E29-C29))*24 -> 1.6216667 | G29: =F29-H29 -> 0.80722222 | H29: =(IF(AND(C29>=$O$3,C29<$P$3,E29>=$O$3,E29<$P$3),E29-C29,IF(AND(C29>=$O$3,C29<$P$3,E29>=$P$3,E29<$N$3),$P$3-C29,IF(AND(C29>=$P$3,C29<$N$3,E29>=$O$3,E29<$P$3),E29,IF(AND(C29>=$P$3,C29<$N$3,E29>=$P$3,E29<$N$3),"0","none")))))*24 -> 0.81444444
A30: =IF(B30="","",IF(A30="",NOW(),A30)) -> 46232.953 | B30: 西塔台协调席 | C30: 0.95277778 | D30: 完成 | E30: 0.10988426 | F30: =(IF(E30-C30<0,"24:00"-C30+E30,E30-C30))*24 -> 3.7705556 | G30: =F30-H30 -> 1.1333333 | H30: =(IF(AND(C30>=$O$3,C30<$P$3,E30>=$O$3,E30<$P$3),E30-C30,IF(AND(C30>=$O$3,C30<$P$3,E30>=$P$3,E30<$N$3),$P$3-C30,IF(AND(C30>=$P$3,C30<$N$3,E30>=$O$3,E30<$P$3),E30,IF(AND(C30>=$P$3,C30<$N$3,E30>=$P$3,E30<$N$3),"0","none")))))*24 -> 2.6372222
A31: =IF(B31="","",IF(A31="",NOW(),A31)) -> 46234.015 | B31: 西塔台管制席 | C31: 0.013229167 | D31: 完成 | E31: 0.14540509 | F31: =(IF(E31-C31<0,"24:00"-C31+E31,E31-C31))*24 -> 3.1722222 | G31: =F31-H31 -> 0 | H31: =(IF(AND(C31>=$O$3,C31<$P$3,E31>=$O$3,E31<$P$3),E31-C31,IF(AND(C31>=$O$3,C31<$P$3,E31>=$P$3,E31<$N$3),$P$3-C31,IF(AND(C31>=$P$3,C31<$N$3,E31>=$O$3,E31<$P$3),E31,IF(AND(C31>=$P$3,C31<$N$3,E31>=$P$3,E31<$N$3),"0","none")))))*24 -> 3.1722222
A32: =IF(B32="","",IF(A32="",NOW(),A32)) | F32: =(IF(E32-C32<0,"24:00"-C32+E32,E32-C32))*24 -> 0 | G32: =F32-H32 -> 0 | H32: =(IF(AND(C32>=$O$3,C32<$P$3,E32>=$O$3,E32<$P$3),E32-C32,IF(AND(C32>=$O$3,C32<$P$3,E32>=$P$3,E32<$N$3),$P$3-C32,IF(AND(C32>=$P$3,C32<$N$3,E32>=$O$3,E32<$P$3),E32,IF(AND(C32>=$P$3,C32<$N$3,E32>=$P$3,E32<$N$3),"0","none")))))*24 -> 0
A33: =IF(B33="","",IF(A33="",NOW(),A33)) | F33: =(IF(E33-C33<0,"24:00"-C33+E33,E33-C33))*24 -> 0 | G33: =F33-H33 -> 0 | H33: =(IF(AND(C33>=$O$3,C33<$P$3,E33>=$O$3,E33<$P$3),E33-C33,IF(AND(C33>=$O$3,C33<$P$3,E33>=$P$3,E33<$N$3),$P$3-C33,IF(AND(C33>=$P$3,C33<$N$3,E33>=$O$3,E33<$P$3),E33,IF(AND(C33>=$P$3,C33<$N$3,E33>=$P$3,E33<$N$3),"0","none")))))*24 -> 0
A34: =IF(B34="","",IF(A34="",NOW(),A34)) | F34: =(IF(E34-C34<0,"24:00"-C34+E34,E34-C34))*24 -> 0 | G34: =F34-H34 -> 0 | H34: =(IF(AND(C34>=$O$3,C34<$P$3,E34>=$O$3,E34<$P$3),E34-C34,IF(AND(C34>=$O$3,C34<$P$3,E34>=$P$3,E34<$N$3),$P$3-C34,IF(AND(C34>=$P$3,C34<$N$3,E34>=$O$3,E34<$P$3),E34,IF(AND(C34>=$P$3,C34<$N$3,E34>=$P$3,E34<$N$3),"0","none")))))*24 -> 0
A35: =IF(B35="","",IF(A35="",NOW(),A35)) | F35: =(IF(E35-C35<0,"24:00"-C35+E35,E35-C35))*24 -> 0 | G35: =F35-H35 -> 0 | H35: =(IF(AND(C35>=$O$3,C35<$P$3,E35>=$O$3,E35<$P$3),E35-C35,IF(AND(C35>=$O$3,C35<$P$3,E35>=$P$3,E35<$N$3),$P$3-C35,IF(AND(C35>=$P$3,C35<$N$3,E35>=$O$3,E35<$P$3),E35,IF(AND(C35>=$P$3,C35<$N$3,E35>=$P$3,E35<$N$3),"0","none")))))*24 -> 0
A36: =IF(B36="","",IF(A36="",NOW(),A36)) | F36: =(IF(E36-C36<0,"24:00"-C36+E36,E36-C36))*24 -> 0 | G36: =F36-H36 -> 0 | H36: =(IF(AND(C36>=$O$3,C36<$P$3,E36>=$O$3,E36<$P$3),E36-C36,IF(AND(C36>=$O$3,C36<$P$3,E36>=$P$3,E36<$N$3),$P$3-C36,IF(AND(C36>=$P$3,C36<$N$3,E36>=$O$3,E36<$P$3),E36,IF(AND(C36>=$P$3,C36<$N$3,E36>=$P$3,E36<$N$3),"0","none")))))*24 -> 0
A37: =IF(B37="","",IF(A37="",NOW(),A37)) | F37: =(IF(E37-C37<0,"24:00"-C37+E37,E37-C37))*24 -> 0 | G37: =F37-H37 -> 0 | H37: =(IF(AND(C37>=$O$3,C37<$P$3,E37>=$O$3,E37<$P$3),E37-C37,IF(AND(C37>=$O$3,C37<$P$3,E37>=$P$3,E37<$N$3),$P$3-C37,IF(AND(C37>=$P$3,C37<$N$3,E37>=$O$3,E37<$P$3),E37,IF(AND(C37>=$P$3,C37<$N$3,E37>=$P$3,E37<$N$3),"0","none")))))*24 -> 0
A38: =IF(B38="","",IF(A38="",NOW(),A38)) | F38: =(IF(E38-C38<0,"24:00"-C38+E38,E38-C38))*24 -> 0 | G38: =F38-H38 -> 0 | H38: =(IF(AND(C38>=$O$3,C38<$P$3,E38>=$O$3,E38<$P$3),E38-C38,IF(AND(C38>=$O$3,C38<$P$3,E38>=$P$3,E38<$N$3),$P$3-C38,IF(AND(C38>=$P$3,C38<$N$3,E38>=$O$3,E38<$P$3),E38,IF(AND(C38>=$P$3,C38<$N$3,E38>=$P$3,E38<$N$3),"0","none")))))*24 -> 0
A39: =IF(B39="","",IF(A39="",NOW(),A39)) | F39: =(IF(E39-C39<0,"24:00"-C39+E39,E39-C39))*24 -> 0 | G39: =F39-H39 -> 0 | H39: =(IF(AND(C39>=$O$3,C39<$P$3,E39>=$O$3,E39<$P$3),E39-C39,IF(AND(C39>=$O$3,C39<$P$3,E39>=$P$3,E39<$N$3),$P$3-C39,IF(AND(C39>=$P$3,C39<$N$3,E39>=$O$3,E39<$P$3),E39,IF(AND(C39>=$P$3,C39<$N$3,E39>=$P$3,E39<$N$3),"0","none")))))*24 -> 0
A40: =IF(B40="","",IF(A40="",NOW(),A40)) | F40: =(IF(E40-C40<0,"24:00"-C40+E40,E40-C40))*24 -> 0 | G40: =F40-H40 -> 0 | H40: =(IF(AND(C40>=$O$3,C40<$P$3,E40>=$O$3,E40<$P$3),E40-C40,IF(AND(C40>=$O$3,C40<$P$3,E40>=$P$3,E40<$N$3),$P$3-C40,IF(AND(C40>=$P$3,C40<$N$3,E40>=$O$3,E40<$P$3),E40,IF(AND(C40>=$P$3,C40<$N$3,E40>=$P$3,E40<$N$3),"0","none")))))*24 -> 0
A41: =IF(B41="","",IF(A41="",NOW(),A41)) | F41: =(IF(E41-C41<0,"24:00"-C41+E41,E41-C41))*24 -> 0 | G41: =F41-H41 -> 0 | H41: =(IF(AND(C41>=$O$3,C41<$P$3,E41>=$O$3,E41<$P$3),E41-C41,IF(AND(C41>=$O$3,C41<$P$3,E41>=$P$3,E41<$N$3),$P$3-C41,IF(AND(C41>=$P$3,C41<$N$3,E41>=$O$3,E41<$P$3),E41,IF(AND(C41>=$P$3,C41<$N$3,E41>=$P$3,E41<$N$3),"0","none")))))*24 -> 0
A42: =IF(B42="","",IF(A42="",NOW(),A42)) | F42: =(IF(E42-C42<0,"24:00"-C42+E42,E42-C42))*24 -> 0 | G42: =F42-H42 -> 0 | H42: =(IF(AND(C42>=$O$3,C42<$P$3,E42>=$O$3,E42<$P$3),E42-C42,IF(AND(C42>=$O$3,C42<$P$3,E42>=$P$3,E42<$N$3),$P$3-C42,IF(AND(C42>=$P$3,C42<$N$3,E42>=$O$3,E42<$P$3),E42,IF(AND(C42>=$P$3,C42<$N$3,E42>=$P$3,E42<$N$3),"0","none")))))*24 -> 0
A43: =IF(B43="","",IF(A43="",NOW(),A43)) | F43: =(IF(E43-C43<0,"24:00"-C43+E43,E43-C43))*24 -> 0 | G43: =F43-H43 -> 0 | H43: =(IF(AND(C43>=$O$3,C43<$P$3,E43>=$O$3,E43<$P$3),E43-C43,IF(AND(C43>=$O$3,C43<$P$3,E43>=$P$3,E43<$N$3),$P$3-C43,IF(AND(C43>=$P$3,C43<$N$3,E43>=$O$3,E43<$P$3),E43,IF(AND(C43>=$P$3,C43<$N$3,E43>=$P$3,E43<$N$3),"0","none")))))*24 -> 0
... A160: =IF(B160="","",IF(A160="",NOW(),A160)) | F160: =(IF(E160-C160<0,"24:00"-C160+E160,E160-C160))*24 -> 0 | G160: =F160-H160 -> 0 | H160: =(IF(AND(C160>=$O$3,C160<$P$3,E160>=$O$3,E160<$P$3),E160-C160,IF(AND(C160>=$O$3,C160<$P$3,E160>=$P$3,E160<$N$3),$P$3-C160,IF(AND(C160>=$P$3,C160<$N$3,E160>=$O$3,E160<$P$3),E160,IF(AND(C160>=$P$3,C160<$N$3,E160>=$P$3,E160<$N$3),"0","none")))))*24 -> 0
A161: =IF(B161="","",IF(A161="",NOW(),A161)) | F161: =(IF(E161-C161<0,"24:00"-C161+E161,E161-C161))*24 -> 0
A162: =IF(B162="","",IF(A162="",NOW(),A162)) | F162: =(IF(E162-C162<0,"24:00"-C162+E162,E162-C162))*24 -> 0
A163: =IF(B163="","",IF(A163="",NOW(),A163)) | F163: =(IF(E163-C163<0,"24:00"-C163+E163,E163-C163))*24 -> 0
A164: =IF(B164="","",IF(A164="",NOW(),A164)) | F164: =(IF(E164-C164<0,"24:00"-C164+E164,E164-C164))*24 -> 0
A165: =IF(B165="","",IF(A165="",NOW(),A165)) | F165: =(IF(E165-C165<0,"24:00"-C165+E165,E165-C165))*24 -> 0
A166: =IF(B166="","",IF(A166="",NOW(),A166)) | F166: =(IF(E166-C166<0,"24:00"-C166+E166,E166-C166))*24 -> 0
A167: =IF(B167="","",IF(A167="",NOW(),A167)) | F167: =(IF(E167-C167<0,"24:00"-C167+E167,E167-C167))*24 -> 0
A168: =IF(B168="","",IF(A168="",NOW(),A168)) | F168: =(IF(E168-C168<0,"24:00"-C168+E168,E168-C168))*24 -> 0
A169: =IF(B169="","",IF(A169="",NOW(),A169)) | F169: =(IF(E169-C169<0,"24:00"-C169+E169,E169-C169))*24 -> 0
A170: =IF(B170="","",IF(A170="",NOW(),A170)) | F170: =(IF(E170-C170<0,"24:00"-C170+E170,E170-C170))*24 -> 0
A171: =IF(B171="","",IF(A171="",NOW(),A171)) | F171: =(IF(E171-C171<0,"24:00"-C171+E171,E171-C171))*24 -> 0
A172: =IF(B172="","",IF(A172="",NOW(),A172)) | F172: =(IF(E172-C172<0,"24:00"-C172+E172,E172-C172))*24 -> 0
... A204: =IF(B204="","",IF(A204="",NOW(),A204)) | F204: =(IF(E204-C204<0,"24:00"-C204+E204,E204-C204))*24 -> 0
A205: =IF(B205="","",IF(A205="",NOW(),A205)) | F205: =IF(E205-C205<0,"24:00"-C205+E205,E205-C205) -> 0
A206: =IF(B206="","",IF(A206="",NOW(),A206)) | F206: =IF(E206-C206<0,"24:00"-C206+E206,E206-C206) -> 0
A207: =IF(B207="","",IF(A207="",NOW(),A207)) | F207: =IF(E207-C207<0,"24:00"-C207+E207,E207-C207) -> 0
A208: =IF(B208="","",IF(A208="",NOW(),A208)) | F208: =IF(E208-C208<0,"24:00"-C208+E208,E208-C208) -> 0
A209: =IF(B209="","",IF(A209="",NOW(),A209)) | F209: =IF(E209-C209<0,"24:00"-C209+E209,E209-C209) -> 0
A210: =IF(B210="","",IF(A210="",NOW(),A210)) | F210: =IF(E210-C210<0,"24:00"-C210+E210,E210-C210) -> 0
A211: =IF(B211="","",IF(A211="",NOW(),A211)) | F211: =IF(E211-C211<0,"24:00"-C211+E211,E211-C211) -> 0
A212: =IF(B212="","",IF(A212="",NOW(),A212)) | F212: =IF(E212-C212<0,"24:00"-C212+E212,E212-C212) -> 0
A213: =IF(B213="","",IF(A213="",NOW(),A213)) | F213: =IF(E213-C213<0,"24:00"-C213+E213,E213-C213) -> 0
A214: =IF(B214="","",IF(A214="",NOW(),A214)) | F214: =IF(E214-C214<0,"24:00"-C214+E214,E214-C214) -> 0
A215: =IF(B215="","",IF(A215="",NOW(),A215)) | F215: =IF(E215-C215<0,"24:00"-C215+E215,E215-C215) -> 0
A216: =IF(B216="","",IF(A216="",NOW(),A216)) | F216: =IF(E216-C216<0,"24:00"-C216+E216,E216-C216) -> 0
... A338: =IF(B338="","",IF(A338="",NOW(),A338)) | F338: =IF(E338-C338<0,"24:00"-C338+E338,E338-C338) -> 0

Sheet 杜涛
A1: 返回目录
A2: 日 期 | B2: 岗 位 | C2: 上岗时刻 | D2: 交接班 | E2: 离岗时刻 | F2: 时段工作小时 | G2: 白班小时 | H2: 夜班小时 (0200-0800) | I2: 统 计 | J2: 各席位总小时 | K2: 白班小时 | L2: 夜班小时 (0000-0800) | M2: 备注
A3: =IF(B3="","",IF(A3="",NOW(),A3)) -> 46205.138 | B3: 西塔台管制席 | C3: 0.13780093 | D3: 完成 | E3: 0.25458333 | F3: =(IF(E3-C3<0,"24:00"-C3+E3,E3-C3))*24 -> 2.8027778 | G3: =F3-H3 -> 0 | H3: =(IF(AND(C3>=$O$3,C3<$P$3,E3>=$O$3,E3<$P$3),E3-C3,IF(AND(C3>=$O$3,C3<$P$3,E3>=$P$3,E3<$N$3),$P$3-C3,IF(AND(C3>=$P$3,C3<$N$3,E3>=$O$3,E3<$P$3),E3,IF(AND(C3>=$P$3,C3<$N$3,E3>=$P$3,E3<$N$3),"0","none")))))*24 -> 2.8027778 | I3: 带班主任席执勤小时 | J3: =SUMIF(B:B,"带班主任",F:F) -> 0 | K3: =SUMIF(B:B,"带班主任",G:G) -> 0 | L3: =SUMIF(B:B,"带班主任",H:H) -> 0 | N3: 0.99998843 | O3: 0 | P3: 0.33333333
A4: =IF(B4="","",IF(A4="",NOW(),A4)) -> 46205.255 | B4: 东塔台协调席 | C4: 0.25460648 | D4: 完成 | E4: 0.30548611 | F4: =(IF(E4-C4<0,"24:00"-C4+E4,E4-C4))*24 -> 1.2211111 | G4: =F4-H4 -> 0 | H4: =(IF(AND(C4>=$O$3,C4<$P$3,E4>=$O$3,E4<$P$3),E4-C4,IF(AND(C4>=$O$3,C4<$P$3,E4>=$P$3,E4<$N$3),$P$3-C4,IF(AND(C4>=$P$3,C4<$N$3,E4>=$O$3,E4<$P$3),E4,IF(AND(C4>=$P$3,C4<$N$3,E4>=$P$3,E4<$N$3),"0","none")))))*24 -> 1.2211111 | I4: 机场管制席执勤小时 | J4: =SUMIF(B:B,"西塔台管制席",F:F)+SUMIF(B:B,"东塔台管制席",F:F) -> 40.284444 | K4: =SUMIF(B:B,"西塔台管制席",G:G)+SUMIF(B:B,"东塔台管制席",G:G) -> 24.364167 | L4: =SUMIF(B:B,"西塔台管制席",H:H)+SUMIF(B:B,"东塔台管制席",H:H) -> 15.920278
A5: =IF(B5="","",IF(A5="",NOW(),A5)) -> 46206.132 | B5: 放行席 | C5: 0.13236111 | D5: 完成 | E5: 0.23739583 | F5: =(IF(E5-C5<0,"24:00"-C5+E5,E5-C5))*24 -> 2.5208333 | G5: =F5-H5 -> 0 | H5: =(IF(AND(C5>=$O$3,C5<$P$3,E5>=$O$3,E5<$P$3),E5-C5,IF(AND(C5>=$O$3,C5<$P$3,E5>=$P$3,E5<$N$3),$P$3-C5,IF(AND(C5>=$P$3,C5<$N$3,E5>=$O$3,E5<$P$3),E5,IF(AND(C5>=$P$3,C5<$N$3,E5>=$P$3,E5<$N$3),"0","none")))))*24 -> 2.5208333 | I5: 机场协调席执勤小时 | J5: =SUMIF(B:B,"西塔台协调席",F:F)+SUMIF(B:B,"东塔台协调席",F:F) -> 25.944167 | K5: =SUMIF(B:B,"西塔台协调席",G:G)+SUMIF(B:B,"东塔台协调席",G:G) -> 19.121389 | L5: =SUMIF(B:B,"西塔台协调席",H:H)+SUMIF(B:B,"东塔台协调席",H:H) -> 6.8227778
A6: =IF(B6="","",IF(A6="",NOW(),A6)) -> 46208.374 | B6: 航班调度席 | C6: 0.37413194 | D6: 完成 | E6: 0.49616898 | F6: =(IF(E6-C6<0,"24:00"-C6+E6,E6-C6))*24 -> 2.9288889 | G6: =F6-H6 -> 2.9288889 | H6: =(IF(AND(C6>=$O$3,C6<$P$3,E6>=$O$3,E6<$P$3),E6-C6,IF(AND(C6>=$O$3,C6<$P$3,E6>=$P$3,E6<$N$3),$P$3-C6,IF(AND(C6>=$P$3,C6<$N$3,E6>=$O$3,E6<$P$3),E6,IF(AND(C6>=$P$3,C6<$N$3,E6>=$P$3,E6<$N$3),"0","none")))))*24 -> 0 | I6: 放行席执勤小时 | J6: =SUMIF(B:B,"放行席",F:F) -> 2.5208333 | K6: =SUMIF(B:B,"放行席",G:G) -> 0 | L6: =SUMIF(B:B,"放行席",H:H) -> 2.5208333
A7: =IF(B7="","",IF(A7="",NOW(),A7)) -> 46208.563 | B7: 航班调度席 | C7: 0.5627662 | D7: 完成 | E7: 0.7121875 | F7: =(IF(E7-C7<0,"24:00"-C7+E7,E7-C7))*24 -> 3.5861111 | G7: =F7-H7 -> 3.5861111 | H7: =(IF(AND(C7>=$O$3,C7<$P$3,E7>=$O$3,E7<$P$3),E7-C7,IF(AND(C7>=$O$3,C7<$P$3,E7>=$P$3,E7<$N$3),$P$3-C7,IF(AND(C7>=$P$3,C7<$N$3,E7>=$O$3,E7<$P$3),E7,IF(AND(C7>=$P$3,C7<$N$3,E7>=$P$3,E7<$N$3),"0","none")))))*24 -> 0 | I7: 地面席执勤小时 | J7: =SUMIF(B:B,"地面席",F:F) -> 2.0838889 | K7: =SUMIF(B:B,"地面席",G:G) -> 0 | L7: =SUMIF(B:B,"地面席",H:H) -> 2.0838889
A8: =IF(B8="","",IF(A8="",NOW(),A8)) -> 46209.015 | B8: 东塔台协调席 | C8: 0.015185185 | D8: 完成 | E8: 0.10046296 | F8: =(IF(E8-C8<0,"24:00"-C8+E8,E8-C8))*24 -> 2.0466667 | G8: =F8-H8 -> 0 | H8: =(IF(AND(C8>=$O$3,C8<$P$3,E8>=$O$3,E8<$P$3),E8-C8,IF(AND(C8>=$O$3,C8<$P$3,E8>=$P$3,E8<$N$3),$P$3-C8,IF(AND(C8>=$P$3,C8<$N$3,E8>=$O$3,E8<$P$3),E8,IF(AND(C8>=$P$3,C8<$N$3,E8>=$P$3,E8<$N$3),"0","none")))))*24 -> 2.0466667 | I8: 生产调度席执勤小时 | J8: =SUMIF(B:B,"生产调度席",F:F) -> 0 | K8: =SUMIF(B:B,"生产调度席",G:G) -> 0 | L8: =SUMIF(B:B,"生产调度席",H:H) -> 0
A9: =IF(B9="","",IF(A9="",NOW(),A9)) -> 46209.459 | B9: 东塔台协调席 | C9: 0.45899306 | D9: 完成 | E9: 0.52670139 | F9: =(IF(E9-C9<0,"24:00"-C9+E9,E9-C9))*24 -> 1.625 | G9: =F9-H9 -> 1.625 | H9: =(IF(AND(C9>=$O$3,C9<$P$3,E9>=$O$3,E9<$P$3),E9-C9,IF(AND(C9>=$O$3,C9<$P$3,E9>=$P$3,E9<$N$3),$P$3-C9,IF(AND(C9>=$P$3,C9<$N$3,E9>=$O$3,E9<$P$3),E9,IF(AND(C9>=$P$3,C9<$N$3,E9>=$P$3,E9<$N$3),"0","none")))))*24 -> 0 | I9: 航班调度席执勤小时 | J9: =SUMIF(B:B,"航班调度席",F:F) -> 6.515 | K9: =SUMIF(B:B,"航班调度席",G:G) -> 6.515 | L9: =SUMIF(B:B,"航班调度席",H:H) -> 0
A10: =IF(B10="","",IF(A10="",NOW(),A10)) -> 46209.604 | B10: 西塔台协调席 | C10: 0.60449074 | D10: 完成 | E10: 0.76527778 | F10: =(IF(E10-C10<0,"24:00"-C10+E10,E10-C10))*24 -> 3.8588889 | G10: =F10-H10 -> 3.8588889 | H10: =(IF(AND(C10>=$O$3,C10<$P$3,E10>=$O$3,E10<$P$3),E10-C10,IF(AND(C10>=$O$3,C10<$P$3,E10>=$P$3,E10<$N$3),$P$3-C10,IF(AND(C10>=$P$3,C10<$N$3,E10>=$O$3,E10<$P$3),E10,IF(AND(C10>=$P$3,C10<$N$3,E10>=$P$3,E10<$N$3),"0","none")))))*24 -> 0 | I10: 综合协调席小时 | J10: =SUMIF(B:B,"综合协调席",F:F) -> 0 | K10: =SUMIF(B:B,"综合协调席",G:G) -> 0 | L10: =SUMIF(B:B,"综合协调席",H:H) -> 0
A11: =IF(B11="","",IF(A11="",NOW(),A11)) -> 46209.833 | B11: 西塔台管制席 | C11: 0.83292824 | D11: 完成 | E11: 0.95530093 | F11: =(IF(E11-C11<0,"24:00"-C11+E11,E11-C11))*24 -> 2.9369444 | G11: =F11-H11 -> 2.9369444 | H11: =(IF(AND(C11>=$O$3,C11<$P$3,E11>=$O$3,E11<$P$3),E11-C11,IF(AND(C11>=$O$3,C11<$P$3,E11>=$P$3,E11<$N$3),$P$3-C11,IF(AND(C11>=$P$3,C11<$N$3,E11>=$O$3,E11<$P$3),E11,IF(AND(C11>=$P$3,C11<$N$3,E11>=$P$3,E11<$N$3),"0","none")))))*24 -> 0 | I11: 见习管制员小时 | J11: =SUMIF(B:B,"见习管制员",F:F) -> 0 | K11: =SUMIF(B:B,"见习管制员",G:G) -> 0 | L11: =SUMIF(B:B,"见习管制员",H:H) -> 0
A12: =IF(B12="","",IF(A12="",NOW(),A12)) -> 46210.298 | B12: 西塔台协调席 | C12: 0.29762731 | D12: 完成 | E12: 0.36438657 | F12: =(IF(E12-C12<0,"24:00"-C12+E12,E12-C12))*24 -> 1.6022222 | G12: =F12-H12 -> 0.74527778 | H12: =(IF(AND(C12>=$O$3,C12<$P$3,E12>=$O$3,E12<$P$3),E12-C12,IF(AND(C12>=$O$3,C12<$P$3,E12>=$P$3,E12<$N$3),$P$3-C12,IF(AND(C12>=$P$3,C12<$N$3,E12>=$O$3,E12<$P$3),E12,IF(AND(C12>=$P$3,C12<$N$3,E12>=$P$3,E12<$N$3),"0","none")))))*24 -> 0.85694444 | I12: 管制教员席小时 | J12: =SUMIF(B:B,"管制教员席",F:F) -> 0 | K12: =SUMIF(B:B,"管制教员席",G:G) -> 0 | L12: =SUMIF(B:B,"管制教员席",H:H) -> 0
A13: =IF(B13="","",IF(A13="",NOW(),A13)) -> 46213.013 | B13: 西塔台管制席 | C13: 0.012592593 | D13: 完成 | E13: 0.14454861 | F13: =(IF(E13-C13<0,"24:00"-C13+E13,E13-C13))*24 -> 3.1669444 | G13: =F13-H13 -> 0 | H13: =(IF(AND(C13>=$O$3,C13<$P$3,E13>=$O$3,E13<$P$3),E13-C13,IF(AND(C13>=$O$3,C13<$P$3,E13>=$P$3,E13<$N$3),$P$3-C13,IF(AND(C13>=$P$3,C13<$N$3,E13>=$O$3,E13<$P$3),E13,IF(AND(C13>=$P$3,C13<$N$3,E13>=$P$3,E13<$N$3),"0","none")))))*24 -> 3.1669444 | I13: 月度总小时统计
A14: =IF(B14="","",IF(A14="",NOW(),A14)) -> 46213.951 | B14: 西塔台管制席 | C14: 0.95142361 | D14: 完成 | E14: 0.14527778 | F14: =(IF(E14-C14<0,"24:00"-C14+E14,E14-C14))*24 -> 4.6525 | G14: =F14-H14 -> 1.1658333 | H14: =(IF(AND(C14>=$O$3,C14<$P$3,E14>=$O$3,E14<$P$3),E14-C14,IF(AND(C14>=$O$3,C14<$P$3,E14>=$P$3,E14<$N$3),$P$3-C14,IF(AND(C14>=$P$3,C14<$N$3,E14>=$O$3,E14<$P$3),E14,IF(AND(C14>=$P$3,C14<$N$3,E14>=$P$3,E14<$N$3),"0","none")))))*24 -> 3.4866667
A15: =IF(B15="","",IF(A15="",NOW(),A15)) -> 46217.138 | B15: 地面席 | C15: 0.13755787 | D15: 完成 | E15: 0.22438657 | F15: =(IF(E15-C15<0,"24:00"-C15+E15,E15-C15))*24 -> 2.0838889 | G15: =F15-H15 -> 0 | H15: =(IF(AND(C15>=$O$3,C15<$P$3,E15>=$O$3,E15<$P$3),E15-C15,IF(AND(C15>=$O$3,C15<$P$3,E15>=$P$3,E15<$N$3),$P$3-C15,IF(AND(C15>=$P$3,C15<$N$3,E15>=$O$3,E15<$P$3),E15,IF(AND(C15>=$P$3,C15<$N$3,E15>=$P$3,E15<$N$3),"0","none")))))*24 -> 2.0838889 | I15: 统计 | J15: 各席位总小时 | K15: 白班小时 | L15: 夜班小时 (0000-0800) | M15: 备注
A16: =IF(B16="","",IF(A16="",NOW(),A16)) -> 46218.137 | B16: 东塔台管制席 | C16: 0.13710648 | D16: 完成 | E16: 0.22732639 | F16: =(IF(E16-C16<0,"24:00"-C16+E16,E16-C16))*24 -> 2.1652778 | G16: =F16-H16 -> 0 | H16: =(IF(AND(C16>=$O$3,C16<$P$3,E16>=$O$3,E16<$P$3),E16-C16,IF(AND(C16>=$O$3,C16<$P$3,E16>=$P$3,E16<$N$3),$P$3-C16,IF(AND(C16>=$P$3,C16<$N$3,E16>=$O$3,E16<$P$3),E16,IF(AND(C16>=$P$3,C16<$N$3,E16>=$P$3,E16<$N$3),"0","none")))))*24 -> 2.1652778 | I16: 带班主任席执勤小时 | J16: =J3 -> 0 | K16: =K3 -> 0 | L16: =L3 -> 0
A17: =IF(B17="","",IF(A17="",NOW(),A17)) -> 46218.227 | B17: 西塔台协调席 | C17: 0.22736111 | D17: 完成 | E17: 0.30543981 | F17: =(IF(E17-C17<0,"24:00"-C17+E17,E17-C17))*24 -> 1.8738889 | G17: =F17-H17 -> 0 | H17: =(IF(AND(C17>=$O$3,C17<$P$3,E17>=$O$3,E17<$P$3),E17-C17,IF(AND(C17>=$O$3,C17<$P$3,E17>=$P$3,E17<$N$3),$P$3-C17,IF(AND(C17>=$P$3,C17<$N$3,E17>=$O$3,E17<$P$3),E17,IF(AND(C17>=$P$3,C17<$N$3,E17>=$P$3,E17<$N$3),"0","none")))))*24 -> 1.8738889 | I17: 席位执勤小时 | J17: =J4+J5+J6+J7+J10 -> 70.833333 | K17: =K4+K5+K6+K7+K10 -> 43.485556 | L17: =L4+L5+L6+L7+L10 -> 27.347778
A18: =IF(B18="","",IF(A18="",NOW(),A18)) -> 46220.354 | B18: 东塔台管制席 | C18: 0.35449074 | D18: 完成 | E18: 0.50759259 | F18: =(IF(E18-C18<0,"24:00"-C18+E18,E18-C18))*24 -> 3.6744444 | G18: =F18-H18 -> 3.6744444 | H18: =(IF(AND(C18>=$O$3,C18<$P$3,E18>=$O$3,E18<$P$3),E18-C18,IF(AND(C18>=$O$3,C18<$P$3,E18>=$P$3,E18<$N$3),$P$3-C18,IF(AND(C18>=$P$3,C18<$N$3,E18>=$O$3,E18<$P$3),E18,IF(AND(C18>=$P$3,C18<$N$3,E18>=$P$3,E18<$N$3),"0","none")))))*24 -> 0 | I18: 见习管制员小时 | J18: =J11 -> 0 | K18: =K11 -> 0 | L18: =L11 -> 0
A19: =IF(B19="","",IF(A19="",NOW(),A19)) -> 46220.624 | B19: 东塔台协调席 | C19: 0.6237963 | D19: 完成 | E19: 0.75659722 | F19: =(IF(E19-C19<0,"24:00"-C19+E19,E19-C19))*24 -> 3.1872222 | G19: =F19-H19 -> 3.1872222 | H19: =(IF(AND(C19>=$O$3,C19<$P$3,E19>=$O$3,E19<$P$3),E19-C19,IF(AND(C19>=$O$3,C19<$P$3,E19>=$P$3,E19<$N$3),$P$3-C19,IF(AND(C19>=$P$3,C19<$N$3,E19>=$O$3,E19<$P$3),E19,IF(AND(C19>=$P$3,C19<$N$3,E19>=$P$3,E19<$N$3),"0","none")))))*24 -> 0 | I19: 管制教员小时 | J19: =J12 -> 0 | K19: =K12 -> 0 | L19: =L12 -> 0
A20: =IF(B20="","",IF(A20="",NOW(),A20)) -> 46220.875 | B20: 东塔台管制席 | C20: 0.87454861 | D20: 完成 | E20: 0.95717593 | F20: =(IF(E20-C20<0,"24:00"-C20+E20,E20-C20))*24 -> 1.9830556 | G20: =F20-H20 -> 1.9830556 | H20: =(IF(AND(C20>=$O$3,C20<$P$3,E20>=$O$3,E20<$P$3),E20-C20,IF(AND(C20>=$O$3,C20<$P$3,E20>=$P$3,E20<$N$3),$P$3-C20,IF(AND(C20>=$P$3,C20<$N$3,E20>=$O$3,E20<$P$3),E20,IF(AND(C20>=$P$3,C20<$N$3,E20>=$P$3,E20<$N$3),"0","none")))))*24 -> 0 | I20: 月度总小时 | J20: =J16+J17+J18+J19 -> 70.833333
A21: =IF(B21="","",IF(A21="",NOW(),A21)) -> 46221.299 | B21: 东塔台协调席 | C21: 0.29899306 | D21: 完成 | E21: 0.42321759 | F21: =(IF(E21-C21<0,"24:00"-C21+E21,E21-C21))*24 -> 2.9813889 | G21: =F21-H21 -> 2.1572222 | H21: =(IF(AND(C21>=$O$3,C21<$P$3,E21>=$O$3,E21<$P$3),E21-C21,IF(AND(C21>=$O$3,C21<$P$3,E21>=$P$3,E21<$N$3),$P$3-C21,IF(AND(C21>=$P$3,C21<$N$3,E21>=$O$3,E21<$P$3),E21,IF(AND(C21>=$P$3,C21<$N$3,E21>=$P$3,E21<$N$3),"0","none")))))*24 -> 0.82416667 | I21: 调度席 | J21: =SUM(J8:J9) -> 6.515 | K21: =SUM(K8:K9) -> 6.515 | L21: =SUM(L8:L9) -> 0
A22: =IF(B22="","",IF(A22="",NOW(),A22)) -> 46221.507 | B22: 东塔台管制席 | C22: 0.50665509 | D22: 完成 | E22: 0.63204861 | F22: =(IF(E22-C22<0,"24:00"-C22+E22,E22-C22))*24 -> 3.0094444 | G22: =F22-H22 -> 3.0094444 | H22: =(IF(AND(C22>=$O$3,C22<$P$3,E22>=$O$3,E22<$P$3),E22-C22,IF(AND(C22>=$O$3,C22<$P$3,E22>=$P$3,E22<$N$3),$P$3-C22,IF(AND(C22>=$P$3,C22<$N$3,E22>=$O$3,E22<$P$3),E22,IF(AND(C22>=$P$3,C22<$N$3,E22>=$P$3,E22<$N$3),"0","none")))))*24 -> 0
A23: =IF(B23="","",IF(A23="",NOW(),A23)) -> 46221.758 | B23: 东塔台协调席 | C23: 0.75806713 | D23: 完成 | E23: 0.83934028 | F23: =(IF(E23-C23<0,"24:00"-C23+E23,E23-C23))*24 -> 1.9505556 | G23: =F23-H23 -> 1.9505556 | H23: =(IF(AND(C23>=$O$3,C23<$P$3,E23>=$O$3,E23<$P$3),E23-C23,IF(AND(C23>=$O$3,C23<$P$3,E23>=$P$3,E23<$N$3),$P$3-C23,IF(AND(C23>=$P$3,C23<$N$3,E23>=$O$3,E23<$P$3),E23,IF(AND(C23>=$P$3,C23<$N$3,E23>=$P$3,E23<$N$3),"0","none")))))*24 -> 0
A24: =IF(B24="","",IF(A24="",NOW(),A24)) -> 46229.952 | B24: 东塔台管制席 | C24: 0.95226852 | D24: 完成 | E24: 0.14545139 | F24: =(IF(E24-C24<0,"24:00"-C24+E24,E24-C24))*24 -> 4.6363889 | G24: =F24-H24 -> 1.1455556 | H24: =(IF(AND(C24>=$O$3,C24<$P$3,E24>=$O$3,E24<$P$3),E24-C24,IF(AND(C24>=$O$3,C24<$P$3,E24>=$P$3,E24<$N$3),$P$3-C24,IF(AND(C24>=$P$3,C24<$N$3,E24>=$O$3,E24<$P$3),E24,IF(AND(C24>=$P$3,C24<$N$3,E24>=$P$3,E24<$N$3),"0","none")))))*24 -> 3.4908333
A25: =IF(B25="","",IF(A25="",NOW(),A25)) -> 46232.355 | B25: 西塔台协调席 | C25: 0.35471065 | D25: 完成 | E25: 0.50664352 | F25: =(IF(E25-C25<0,"24:00"-C25+E25,E25-C25))*24 -> 3.6463889 | G25: =F25-H25 -> 3.6463889 | H25: =(IF(AND(C25>=$O$3,C25<$P$3,E25>=$O$3,E25<$P$3),E25-C25,IF(AND(C25>=$O$3,C25<$P$3,E25>=$P$3,E25<$N$3),$P$3-C25,IF(AND(C25>=$P$3,C25<$N$3,E25>=$O$3,E25<$P$3),E25,IF(AND(C25>=$P$3,C25<$N$3,E25>=$P$3,E25<$N$3),"0","none")))))*24 -> 0
A26: =IF(B26="","",IF(A26="",NOW(),A26)) -> 46232.626 | B26: 西塔台管制席 | C26: 0.62644676 | D26: 完成 | E26: 0.75645833 | F26: =(IF(E26-C26<0,"24:00"-C26+E26,E26-C26))*24 -> 3.1202778 | G26: =F26-H26 -> 3.1202778 | H26: =(IF(AND(C26>=$O$3,C26<$P$3,E26>=$O$3,E26<$P$3),E26-C26,IF(AND(C26>=$O$3,C26<$P$3,E26>=$P$3,E26<$N$3),$P$3-C26,IF(AND(C26>=$P$3,C26<$N$3,E26>=$O$3,E26<$P$3),E26,IF(AND(C26>=$P$3,C26<$N$3,E26>=$P$3,E26<$N$3),"0","none")))))*24 -> 0
A27: =IF(B27="","",IF(A27="",NOW(),A27)) -> 46232.877 | B27: 西塔台协调席 | C27: 0.87650463 | D27: 完成 | E27: 0.95778935 | F27: =(IF(E27-C27<0,"24:00"-C27+E27,E27-C27))*24 -> 1.9508333 | G27: =F27-H27 -> 1.9508333 | H27: =(IF(AND(C27>=$O$3,C27<$P$3,E27>=$O$3,E27<$P$3),E27-C27,IF(AND(C27>=$O$3,C27<$P$3,E27>=$P$3,E27<$N$3),$P$3-C27,IF(AND(C27>=$P$3,C27<$N$3,E27>=$O$3,E27<$P$3),E27,IF(AND(C27>=$P$3,C27<$N$3,E27>=$P$3,E27<$N$3),"0","none")))))*24 -> 0
A28: =IF(B28="","",IF(A28="",NOW(),A28)) -> 46233.3 | B28: 东塔台管制席 | C28: 0.29967593 | D28: 完成 | E28: 0.46546296 | F28: =(IF(E28-C28<0,"24:00"-C28+E28,E28-C28))*24 -> 3.9788889 | G28: =F28-H28 -> 3.1711111 | H28: =(IF(AND(C28>=$O$3,C28<$P$3,E28>=$O$3,E28<$P$3),E28-C28,IF(AND(C28>=$O$3,C28<$P$3,E28>=$P$3,E28<$N$3),$P$3-C28,IF(AND(C28>=$P$3,C28<$N$3,E28>=$O$3,E28<$P$3),E28,IF(AND(C28>=$P$3,C28<$N$3,E28>=$P$3,E28<$N$3),"0","none")))))*24 -> 0.80777778
A29: =IF(B29="","",IF(A29="",NOW(),A29)) -> 46233.626 | B29: 东塔台管制席 | C29: 0.62574074 | D29: 完成 | E29: 0.79896991 | F29: =(IF(E29-C29<0,"24:00"-C29+E29,E29-C29))*24 -> 4.1575 | G29: =F29-H29 -> 4.1575 | H29: =(IF(AND(C29>=$O$3,C29<$P$3,E29>=$O$3,E29<$P$3),E29-C29,IF(AND(C29>=$O$3,C29<$P$3,E29>=$P$3,E29<$N$3),$P$3-C29,IF(AND(C29>=$P$3,C29<$N$3,E29>=$O$3,E29<$P$3),E29,IF(AND(C29>=$P$3,C29<$N$3,E29>=$P$3,E29<$N$3),"0","none")))))*24 -> 0
A30: =IF(B30="","",IF(A30="",NOW(),A30)) | F30: =(IF(E30-C30<0,"24:00"-C30+E30,E30-C30))*24 -> 0 | G30: =F30-H30 -> 0 | H30: =(IF(AND(C30>=$O$3,C30<$P$3,E30>=$O$3,E30<$P$3),E30-C30,IF(AND(C30>=$O$3,C30<$P$3,E30>=$P$3,E30<$N$3),$P$3-C30,IF(AND(C30>=$P$3,C30<$N$3,E30>=$O$3,E30<$P$3),E30,IF(AND(C30>=$P$3,C30<$N$3,E30>=$P$3,E30<$N$3),"0","none")))))*24 -> 0
A31: =IF(B31="","",IF(A31="",NOW(),A31)) | F31: =(IF(E31-C31<0,"24:00"-C31+E31,E31-C31))*24 -> 0 | G31: =F31-H31 -> 0 | H31: =(IF(AND(C31>=$O$3,C31<$P$3,E31>=$O$3,E31<$P$3),E31-C31,IF(AND(C31>=$O$3,C31<$P$3,E31>=$P$3,E31<$N$3),$P$3-C31,IF(AND(C31>=$P$3,C31<$N$3,E31>=$O$3,E31<$P$3),E31,IF(AND(C31>=$P$3,C31<$N$3,E31>=$P$3,E31<$N$3),"0","none")))))*24 -> 0
A32: =IF(B32="","",IF(A32="",NOW(),A32)) | F32: =(IF(E32-C32<0,"24:00"-C32+E32,E32-C32))*24 -> 0 | G32: =F32-H32 -> 0 | H32: =(IF(AND(C32>=$O$3,C32<$P$3,E32>=$O$3,E32<$P$3),E32-C32,IF(AND(C32>=$O$3,C32<$P$3,E32>=$P$3,E32<$N$3),$P$3-C32,IF(AND(C32>=$P$3,C32<$N$3,E32>=$O$3,E32<$P$3),E32,IF(AND(C32>=$P$3,C32<$N$3,E32>=$P$3,E32<$N$3),"0","none")))))*24 -> 0
A33: =IF(B33="","",IF(A33="",NOW(),A33)) | F33: =(IF(E33-C33<0,"24:00"-C33+E33,E33-C33))*24 -> 0 | G33: =F33-H33 -> 0 | H33: =(IF(AND(C33>=$O$3,C33<$P$3,E33>=$O$3,E33<$P$3),E33-C33,IF(AND(C33>=$O$3,C33<$P$3,E33>=$P$3,E33<$N$3),$P$3-C33,IF(AND(C33>=$P$3,C33<$N$3,E33>=$O$3,E33<$P$3),E33,IF(AND(C33>=$P$3,C33<$N$3,E33>=$P$3,E33<$N$3),"0","none")))))*24 -> 0
A34: =IF(B34="","",IF(A34="",NOW(),A34)) | F34: =(IF(E34-C34<0,"24:00"-C34+E34,E34-C34))*24 -> 0 | G34: =F34-H34 -> 0 | H34: =(IF(AND(C34>=$O$3,C34<$P$3,E34>=$O$3,E34<$P$3),E34-C34,IF(AND(C34>=$O$3,C34<$P$3,E34>=$P$3,E34<$N$3),$P$3-C34,IF(AND(C34>=$P$3,C34<$N$3,E34>=$O$3,E34<$P$3),E34,IF(AND(C34>=$P$3,C34<$N$3,E34>=$P$3,E34<$N$3),"0","none")))))*24 -> 0
A35: =IF(B35="","",IF(A35="",NOW(),A35)) | F35: =(IF(E35-C35<0,"24:00"-C35+E35,E35-C35))*24 -> 0 | G35: =F35-H35 -> 0 | H35: =(IF(AND(C35>=$O$3,C35<$P$3,E35>=$O$3,E35<$P$3),E35-C35,IF(AND(C35>=$O$3,C35<$P$3,E35>=$P$3,E35<$N$3),$P$3-C35,IF(AND(C35>=$P$3,C35<$N$3,E35>=$O$3,E35<$P$3),E35,IF(AND(C35>=$P$3,C35<$N$3,E35>=$P$3,E35<$N$3),"0","none")))))*24 -> 0
A36: =IF(B36="","",IF(A36="",NOW(),A36)) | F36: =(IF(E36-C36<0,"24:00"-C36+E36,E36-C36))*24 -> 0 | G36: =F36-H36 -> 0 | H36: =(IF(AND(C36>=$O$3,C36<$P$3,E36>=$O$3,E36<$P$3),E36-C36,IF(AND(C36>=$O$3,C36<$P$3,E36>=$P$3,E36<$N$3),$P$3-C36,IF(AND(C36>=$P$3,C36<$N$3,E36>=$O$3,E36<$P$3),E36,IF(AND(C36>=$P$3,C36<$N$3,E36>=$P$3,E36<$N$3),"0","none")))))*24 -> 0
A37: =IF(B37="","",IF(A37="",NOW(),A37)) | F37: =(IF(E37-C37<0,"24:00"-C37+E37,E37-C37))*24 -> 0 | G37: =F37-H37 -> 0 | H37: =(IF(AND(C37>=$O$3,C37<$P$3,E37>=$O$3,E37<$P$3),E37-C37,IF(AND(C37>=$O$3,C37<$P$3,E37>=$P$3,E37<$N$3),$P$3-C37,IF(AND(C37>=$P$3,C37<$N$3,E37>=$O$3,E37<$P$3),E37,IF(AND(C37>=$P$3,C37<$N$3,E37>=$P$3,E37<$N$3),"0","none")))))*24 -> 0
A38: =IF(B38="","",IF(A38="",NOW(),A38)) | F38: =(IF(E38-C38<0,"24:00"-C38+E38,E38-C38))*24 -> 0 | G38: =F38-H38 -> 0 | H38: =(IF(AND(C38>=$O$3,C38<$P$3,E38>=$O$3,E38<$P$3),E38-C38,IF(AND(C38>=$O$3,C38<$P$3,E38>=$P$3,E38<$N$3),$P$3-C38,IF(AND(C38>=$P$3,C38<$N$3,E38>=$O$3,E38<$P$3),E38,IF(AND(C38>=$P$3,C38<$N$3,E38>=$P$3,E38<$N$3),"0","none")))))*24 -> 0
A39: =IF(B39="","",IF(A39="",NOW(),A39)) | F39: =(IF(E39-C39<0,"24:00"-C39+E39,E39-C39))*24 -> 0 | G39: =F39-H39 -> 0 | H39: =(IF(AND(C39>=$O$3,C39<$P$3,E39>=$O$3,E39<$P$3),E39-C39,IF(AND(C39>=$O$3,C39<$P$3,E39>=$P$3,E39<$N$3),$P$3-C39,IF(AND(C39>=$P$3,C39<$N$3,E39>=$O$3,E39<$P$3),E39,IF(AND(C39>=$P$3,C39<$N$3,E39>=$P$3,E39<$N$3),"0","none")))))*24 -> 0
A40: =IF(B40="","",IF(A40="",NOW(),A40)) | F40: =(IF(E40-C40<0,"24:00"-C40+E40,E40-C40))*24 -> 0 | G40: =F40-H40 -> 0 | H40: =(IF(AND(C40>=$O$3,C40<$P$3,E40>=$O$3,E40<$P$3),E40-C40,IF(AND(C40>=$O$3,C40<$P$3,E40>=$P$3,E40<$N$3),$P$3-C40,IF(AND(C40>=$P$3,C40<$N$3,E40>=$O$3,E40<$P$3),E40,IF(AND(C40>=$P$3,C40<$N$3,E40>=$P$3,E40<$N$3),"0","none")))))*24 -> 0
A41: =IF(B41="","",IF(A41="",NOW(),A41)) | F41: =(IF(E41-C41<0,"24:00"-C41+E41,E41-C41))*24 -> 0 | G41: =F41-H41 -> 0 | H41: =(IF(AND(C41>=$O$3,C41<$P$3,E41>=$O$3,E41<$P$3),E41-C41,IF(AND(C41>=$O$3,C41<$P$3,E41>=$P$3,E41<$N$3),$P$3-C41,IF(AND(C41>=$P$3,C41<$N$3,E41>=$O$3,E41<$P$3),E41,IF(AND(C41>=$P$3,C41<$N$3,E41>=$P$3,E41<$N$3),"0","none")))))*24 -> 0
... A160: =IF(B160="","",IF(A160="",NOW(),A160)) | F160: =(IF(E160-C160<0,"24:00"-C160+E160,E160-C160))*24 -> 0 | G160: =F160-H160 -> 0 | H160: =(IF(AND(C160>=$O$3,C160<$P$3,E160>=$O$3,E160<$P$3),E160-C160,IF(AND(C160>=$O$3,C160<$P$3,E160>=$P$3,E160<$N$3),$P$3-C160,IF(AND(C160>=$P$3,C160<$N$3,E160>=$O$3,E160<$P$3),E160,IF(AND(C160>=$P$3,C160<$N$3,E160>=$P$3,E160<$N$3),"0","none")))))*24 -> 0
A161: =IF(B161="","",IF(A161="",NOW(),A161)) | F161: =(IF(E161-C161<0,"24:00"-C161+E161,E161-C161))*24 -> 0
A162: =IF(B162="","",IF(A162="",NOW(),A162)) | F162: =(IF(E162-C162<0,"24:00"-C162+E162,E162-C162))*24 -> 0
A163: =IF(B163="","",IF(A163="",NOW(),A163)) | F163: =(IF(E163-C163<0,"24:00"-C163+E163,E163-C163))*24 -> 0
A164: =IF(B164="","",IF(A164="",NOW(),A164)) | F164: =(IF(E164-C164<0,"24:00"-C164+E164,E164-C164))*24 -> 0
A165: =IF(B165="","",IF(A165="",NOW(),A165)) | F165: =(IF(E165-C165<0,"24:00"-C165+E165,E165-C165))*24 -> 0
A166: =IF(B166="","",IF(A166="",NOW(),A166)) | F166: =(IF(E166-C166<0,"24:00"-C166+E166,E166-C166))*24 -> 0
A167: =IF(B167="","",IF(A167="",NOW(),A167)) | F167: =(IF(E167-C167<0,"24:00"-C167+E167,E167-C167))*24 -> 0
A168: =IF(B168="","",IF(A168="",NOW(),A168)) | F168: =(IF(E168-C168<0,"24:00"-C168+E168,E168-C168))*24 -> 0
A169: =IF(B169="","",IF(A169="",NOW(),A169)) | F169: =(IF(E169-C169<0,"24:00"-C169+E169,E169-C169))*24 -> 0
A170: =IF(B170="","",IF(A170="",NOW(),A170)) | F170: =(IF(E170-C170<0,"24:00"-C170+E170,E170-C170))*24 -> 0
A171: =IF(B171="","",IF(A171="",NOW(),A171)) | F171: =(IF(E171-C171<0,"24:00"-C171+E171,E171-C171))*24 -> 0
A172: =IF(B172="","",IF(A172="",NOW(),A172)) | F172: =(IF(E172-C172<0,"24:00"-C172+E172,E172-C172))*24 -> 0
... A205: =IF(B205="","",IF(A205="",NOW(),A205)) | F205: =(IF(E205-C205<0,"24:00"-C205+E205,E205-C205))*24 -> 0
A206: =IF(B206="","",IF(A206="",NOW(),A206)) | F206: =IF(E206-C206<0,"24:00"-C206+E206,E206-C206) -> 0
A207: =IF(B207="","",IF(A207="",NOW(),A207)) | F207: =IF(E207-C207<0,"24:00"-C207+E207,E207-C207) -> 0
A208: =IF(B208="","",IF(A208="",NOW(),A208)) | F208: =IF(E208-C208<0,"24:00"-C208+E208,E208-C208) -> 0
A209: =IF(B209="","",IF(A209="",NOW(),A209)) | F209: =IF(E209-C209<0,"24:00"-C209+E209,E209-C209) -> 0
A210: =IF(B210="","",IF(A210="",NOW(),A210)) | F210: =IF(E210-C210<0,"24:00"-C210+E210,E210-C210) -> 0
A211: =IF(B211="","",IF(A211="",NOW(),A211)) | F211: =IF(E211-C211<0,"24:00"-C211+E211,E211-C211) -> 0
A212: =IF(B212="","",IF(A212="",NOW(),A212)) | F212: =IF(E212-C212<0,"24:00"-C212+E212,E212-C212) -> 0
A213: =IF(B213="","",IF(A213="",NOW(),A213)) | F213: =IF(E213-C213<0,"24:00"-C213+E213,E213-C213) -> 0
A214: =IF(B214="","",IF(A214="",NOW(),A214)) | F214: =IF(E214-C214<0,"24:00"-C214+E214,E214-C214) -> 0
A215: =IF(B215="","",IF(A215="",NOW(),A215)) | F215: =IF(E215-C215<0,"24:00"-C215+E215,E215-C215) -> 0
A216: =IF(B216="","",IF(A216="",NOW(),A216)) | F216: =IF(E216-C216<0,"24:00"-C216+E216,E216-C216) -> 0
A217: =IF(B217="","",IF(A217="",NOW(),A217)) | F217: =IF(E217-C217<0,"24:00"-C217+E217,E217-C217) -> 0
... A339: =IF(B339="","",IF(A339="",NOW(),A339)) | F339: =IF(E339-C339<0,"24:00"-C339+E339,E339-C339) -> 0

Sheet 张文中
A1: 返回目录
A2: 日 期 | B2: 岗 位 | C2: 上岗时刻 | D2: 交接班 | E2: 离岗时刻 | F2: 时段工作小时 | G2: 白班小时 | H2: 夜班小时 (0200-0800) | I2: 统 计 | J2: 各席位总小时 | K2: 白班小时 | L2: 夜班小时 (0000-0800) | M2: 备注
A3: =IF(B3="","",IF(A3="",NOW(),A3)) -> 46204.377 | B3: 航班调度席 | C3: 0.37552083 | D3: 完成 | E3: 0.52648148 | F3: =(IF(E3-C3<0,"24:00"-C3+E3,E3-C3))*24 -> 3.6230556 | G3: =F3-H3 -> 3.6230556 | H3: =(IF(AND(C3>=$O$3,C3<$P$3,E3>=$O$3,E3<$P$3),E3-C3,IF(AND(C3>=$O$3,C3<$P$3,E3>=$P$3,E3<$N$3),$P$3-C3,IF(AND(C3>=$P$3,C3<$N$3,E3>=$O$3,E3<$P$3),E3,IF(AND(C3>=$P$3,C3<$N$3,E3>=$P$3,E3<$N$3),"0","none")))))*24 -> 0 | I3: 带班主任席执勤小时 | J3: =SUMIF(B:B,"带班主任",F:F) -> 0 | K3: =SUMIF(B:B,"带班主任",G:G) -> 0 | L3: =SUMIF(B:B,"带班主任",H:H) -> 0 | N3: 0.99998843 | O3: 0 | P3: 0.33333333
A4: =IF(B4="","",IF(A4="",NOW(),A4)) -> 46204.614 | B4: 航班调度席 | C4: 0.61392361 | D4: 完成 | E4: 0.75290509 | F4: =(IF(E4-C4<0,"24:00"-C4+E4,E4-C4))*24 -> 3.3355556 | G4: =F4-H4 -> 3.3355556 | H4: =(IF(AND(C4>=$O$3,C4<$P$3,E4>=$O$3,E4<$P$3),E4-C4,IF(AND(C4>=$O$3,C4<$P$3,E4>=$P$3,E4<$N$3),$P$3-C4,IF(AND(C4>=$P$3,C4<$N$3,E4>=$O$3,E4<$P$3),E4,IF(AND(C4>=$P$3,C4<$N$3,E4>=$P$3,E4<$N$3),"0","none")))))*24 -> 0 | I4: 机场管制席执勤小时 | J4: =SUMIF(B:B,"西塔台管制席",F:F)+SUMIF(B:B,"东塔台管制席",F:F) -> 30.853889 | K4: =SUMIF(B:B,"西塔台管制席",G:G)+SUMIF(B:B,"东塔台管制席",G:G) -> 18.470278 | L4: =SUMIF(B:B,"西塔台管制席",H:H)+SUMIF(B:B,"东塔台管制席",H:H) -> 12.383611
A5: =IF(B5="","",IF(A5="",NOW(),A5)) -> 46205.013 | B5: 西塔台协调席 | C5: 0.013206019 | D5: 完成 | E5: 0.13320602 | F5: =(IF(E5-C5<0,"24:00"-C5+E5,E5-C5))*24 -> 2.88 | G5: =F5-H5 -> 0 | H5: =(IF(AND(C5>=$O$3,C5<$P$3,E5>=$O$3,E5<$P$3),E5-C5,IF(AND(C5>=$O$3,C5<$P$3,E5>=$P$3,E5<$N$3),$P$3-C5,IF(AND(C5>=$P$3,C5<$N$3,E5>=$O$3,E5<$P$3),E5,IF(AND(C5>=$P$3,C5<$N$3,E5>=$P$3,E5<$N$3),"0","none")))))*24 -> 2.88 | I5: 机场协调席执勤小时 | J5: =SUMIF(B:B,"西塔台协调席",F:F)+SUMIF(B:B,"东塔台协调席",F:F) -> 34.871667 | K5: =SUMIF(B:B,"西塔台协调席",G:G)+SUMIF(B:B,"东塔台协调席",G:G) -> 19.033889 | L5: =SUMIF(B:B,"西塔台协调席",H:H)+SUMIF(B:B,"东塔台协调席",H:H) -> 15.837778
A6: =IF(B6="","",IF(A6="",NOW(),A6)) -> 46205.753 | B6: 东塔台管制席 | C6: 0.75217593 | D6: 完成 | E6: 0.83895833 | F6: =(IF(E6-C6<0,"24:00"-C6+E6,E6-C6))*24 -> 2.0827778 | G6: =F6-H6 -> 2.0827778 | H6: =(IF(AND(C6>=$O$3,C6<$P$3,E6>=$O$3,E6<$P$3),E6-C6,IF(AND(C6>=$O$3,C6<$P$3,E6>=$P$3,E6<$N$3),$P$3-C6,IF(AND(C6>=$P$3,C6<$N$3,E6>=$O$3,E6<$P$3),E6,IF(AND(C6>=$P$3,C6<$N$3,E6>=$P$3,E6<$N$3),"0","none")))))*24 -> 0 | I6: 放行席执勤小时 | J6: =SUMIF(B:B,"放行席",F:F) -> 4.9483333 | K6: =SUMIF(B:B,"放行席",G:G) -> 0 | L6: =SUMIF(B:B,"放行席",H:H) -> 4.9483333
A7: =IF(B7="","",IF(A7="",NOW(),A7)) -> 46205.953 | B7: 东塔台管制席 | C7: 0.9525 | D7: 完成 | E7: 0.14804398 | F7: =(IF(E7-C7<0,"24:00"-C7+E7,E7-C7))*24 -> 4.6930556 | G7: =F7-H7 -> 1.14 | H7: =(IF(AND(C7>=$O$3,C7<$P$3,E7>=$O$3,E7<$P$3),E7-C7,IF(AND(C7>=$O$3,C7<$P$3,E7>=$P$3,E7<$N$3),$P$3-C7,IF(AND(C7>=$P$3,C7<$N$3,E7>=$O$3,E7<$P$3),E7,IF(AND(C7>=$P$3,C7<$N$3,E7>=$P$3,E7<$N$3),"0","none")))))*24 -> 3.5530556 | I7: 地面席执勤小时 | J7: =SUMIF(B:B,"地面席",F:F) -> 2.2352778 | K7: =SUMIF(B:B,"地面席",G:G) -> 0 | L7: =SUMIF(B:B,"地面席",H:H) -> 2.2352778
A8: =IF(B8="","",IF(A8="",NOW(),A8)) -> 46209.137 | B8: 西塔台管制席 | C8: 0.13671296 | D8: 完成 | E8: 0.22071759 | F8: =(IF(E8-C8<0,"24:00"-C8+E8,E8-C8))*24 -> 2.0161111 | G8: =F8-H8 -> 0 | H8: =(IF(AND(C8>=$O$3,C8<$P$3,E8>=$O$3,E8<$P$3),E8-C8,IF(AND(C8>=$O$3,C8<$P$3,E8>=$P$3,E8<$N$3),$P$3-C8,IF(AND(C8>=$P$3,C8<$N$3,E8>=$O$3,E8<$P$3),E8,IF(AND(C8>=$P$3,C8<$N$3,E8>=$P$3,E8<$N$3),"0","none")))))*24 -> 2.0161111 | I8: 生产调度席执勤小时 | J8: =SUMIF(B:B,"生产调度席",F:F) -> 0 | K8: =SUMIF(B:B,"生产调度席",G:G) -> 0 | L8: =SUMIF(B:B,"生产调度席",H:H) -> 0
A9: =IF(B9="","",IF(A9="",NOW(),A9)) -> 46209.221 | B9: 东塔台管制席 | C9: 0.22075231 | D9: 完成 | E9: 0.30604167 | F9: =(IF(E9-C9<0,"24:00"-C9+E9,E9-C9))*24 -> 2.0469444 | G9: =F9-H9 -> 0 | H9: =(IF(AND(C9>=$O$3,C9<$P$3,E9>=$O$3,E9<$P$3),E9-C9,IF(AND(C9>=$O$3,C9<$P$3,E9>=$P$3,E9<$N$3),$P$3-C9,IF(AND(C9>=$P$3,C9<$N$3,E9>=$O$3,E9<$P$3),E9,IF(AND(C9>=$P$3,C9<$N$3,E9>=$P$3,E9<$N$3),"0","none")))))*24 -> 2.0469444 | I9: 航班调度席执勤小时 | J9: =SUMIF(B:B,"航班调度席",F:F) -> 9.0830556 | K9: =SUMIF(B:B,"航班调度席",G:G) -> 9.0830556 | L9: =SUMIF(B:B,"航班调度席",H:H) -> 0
A10: =IF(B10="","",IF(A10="",NOW(),A10)) -> 46210.133 | B10: 放行席 | C10: 0.13296296 | D10: 完成 | E10: 0.24734954 | F10: =(IF(E10-C10<0,"24:00"-C10+E10,E10-C10))*24 -> 2.7452778 | G10: =F10-H10 -> 0 | H10: =(IF(AND(C10>=$O$3,C10<$P$3,E10>=$O$3,E10<$P$3),E10-C10,IF(AND(C10>=$O$3,C10<$P$3,E10>=$P$3,E10<$N$3),$P$3-C10,IF(AND(C10>=$P$3,C10<$N$3,E10>=$O$3,E10<$P$3),E10,IF(AND(C10>=$P$3,C10<$N$3,E10>=$P$3,E10<$N$3),"0","none")))))*24 -> 2.7452778 | I10: 综合协调席小时 | J10: =SUMIF(B:B,"综合协调席",F:F) -> 0 | K10: =SUMIF(B:B,"综合协调席",G:G) -> 0 | L10: =SUMIF(B:B,"综合协调席",H:H) -> 0
